method,split,seed,n_samples,rmse_3d_mps,rmse_n_mps,rmse_e_mps,rmse_d_mps,direction_mae_deg,direction_p95_deg,provenance
Vanilla GRU,test_id,26,60369,0.2595303031175187,0.3255630612722582,0.2567654666212432,0.17363214850547226,3.875035912585883,13.584613184064658,data/revision_main_41d/predictions/seed26_test_id.npz
Vanilla LSTM,test_id,26,60369,0.23959895037181994,0.2920013006389939,0.23688284095607576,0.1756266811835512,3.845076570294429,12.822164148547486,data/revision_main_41d/predictions/seed26_test_id.npz
PI-GRU,test_id,26,60369,0.20385439033204322,0.21547773908647536,0.19644023792256096,0.19912411771570013,3.0808563839794285,9.80461901591434,data/revision_main_41d/predictions/seed26_test_id.npz
PIRNN-AKF,test_id,26,60369,0.21107332478971158,0.2148677158020175,0.1973251370566527,0.22034178066119237,3.143333228520418,10.153312951951555,data/revision_main_41d/predictions/seed26_test_id.npz
KalmanNet,test_id,26,60369,0.3949689108193689,0.47835989304617116,0.40406701193610267,0.27550496208132047,13.21525848198424,44.90520429942103,data/revision_kalmannet_41d/seed26_test_id_kalmannet.npy
Vanilla GRU,test_ood,26,42574,0.8832162779305393,1.0828030850845505,1.0293338251479334,0.32897163425154696,3.1035554527545295,8.750137608788403,data/revision_main_41d/predictions/seed26_test_ood.npz
Vanilla LSTM,test_ood,26,42574,0.8070738032147295,0.9961389858040129,0.921602225932609,0.33535179979219804,4.3285580254427884,12.957932849110794,data/revision_main_41d/predictions/seed26_test_ood.npz
PI-GRU,test_ood,26,42574,0.5374827797292444,0.6450393118400172,0.6085115371600335,0.2833746827797404,1.9116923197405293,5.653013008047099,data/revision_main_41d/predictions/seed26_test_ood.npz
PIRNN-AKF,test_ood,26,42574,0.5363252328883211,0.6435552165534467,0.6046398784050494,0.2884121477804115,1.9388438321780734,5.8365221267457645,data/revision_main_41d/predictions/seed26_test_ood.npz
KalmanNet,test_ood,26,42574,0.4134555395625485,0.4756011545236407,0.4242655066048705,0.32655592370362957,5.949947447782457,15.441585125593742,data/revision_kalmannet_41d/seed26_test_ood_kalmannet.npy
Vanilla GRU,test_id,42,60369,0.25602838640427716,0.3251986622001938,0.24825881956486046,0.1710701392581389,3.749768111236861,13.473947423734266,data/revision_main_41d/predictions/seed42_test_id.npz
Vanilla LSTM,test_id,42,60369,0.24387896923140875,0.3061579987280291,0.2324434251709746,0.17512335312504007,3.774167528028521,13.06003020341781,data/revision_main_41d/predictions/seed42_test_id.npz
PI-GRU,test_id,42,60369,0.20901645851931616,0.2223213605409474,0.19275724624821136,0.21090636894579504,3.1882772386342904,11.021026966693242,data/revision_main_41d/predictions/seed42_test_id.npz
PIRNN-AKF,test_id,42,60369,0.21538158523541093,0.2212734430572941,0.19270049303094014,0.23037418509624488,3.2545848716937673,11.429704265380138,data/revision_main_41d/predictions/seed42_test_id.npz
KalmanNet,test_id,42,60369,0.3768399452725791,0.4303048867817778,0.43376705921514186,0.2295841366704456,13.203742682734543,45.10944594369424,data/revision_kalmannet_41d/seed42_test_id_kalmannet.npy
Vanilla GRU,test_ood,42,42574,0.8959155548849147,1.0876253683588384,1.0582918779324966,0.3241657040136219,3.298332062919004,9.798488968385875,data/revision_main_41d/predictions/seed42_test_ood.npz
Vanilla LSTM,test_ood,42,42574,0.796055582753186,0.9569394860552747,0.9346608390932143,0.33434923118107895,4.255844693777043,11.967219412004848,data/revision_main_41d/predictions/seed42_test_ood.npz
PI-GRU,test_ood,42,42574,0.5498846276003808,0.6542537892533126,0.6222291613775517,0.3031536920321021,1.9386850161955755,5.5878212673330685,data/revision_main_41d/predictions/seed42_test_ood.npz
PIRNN-AKF,test_ood,42,42574,0.5472785305139628,0.6510444086114948,0.6170186704672098,0.3065460947315381,1.9467315350964958,5.692393875494598,data/revision_main_41d/predictions/seed42_test_ood.npz
KalmanNet,test_ood,42,42574,0.4601950872257994,0.5570315799490401,0.4732369818629056,0.3179640433398083,5.926836800350434,15.420936350701059,data/revision_kalmannet_41d/seed42_test_ood_kalmannet.npy
Vanilla GRU,test_id,2024,60369,0.26049978891714237,0.33794497909499205,0.2429588822340744,0.17419699402022348,3.708042139740805,13.575692439453093,data/revision_main_41d/predictions/seed2024_test_id.npz
Vanilla LSTM,test_id,2024,60369,0.2405158926069865,0.30530747187088836,0.22348484703813926,0.1743145276612157,3.6816033943770967,12.535203806597423,data/revision_main_41d/predictions/seed2024_test_id.npz
PI-GRU,test_id,2024,60369,0.21156623070806588,0.22974179866194788,0.20204615849391858,0.20168506566793476,3.29630141184174,11.666432366203516,data/revision_main_41d/predictions/seed2024_test_id.npz
PIRNN-AKF,test_id,2024,60369,0.2181868284338269,0.2284559776474514,0.20220274183549322,0.22302106128658183,3.3644285116313606,12.192423042585418,data/revision_main_41d/predictions/seed2024_test_id.npz
KalmanNet,test_id,2024,60369,0.3722280786331835,0.43086784869794426,0.4255137317359743,0.22125141498170964,12.927494301028048,43.872764088400274,data/revision_kalmannet_41d/seed2024_test_id_kalmannet.npy
Vanilla GRU,test_ood,2024,42574,0.8884638466112372,1.0965521494281014,1.027670054621098,0.3310161062930142,3.2749032259654727,8.876017195858884,data/revision_main_41d/predictions/seed2024_test_ood.npz
Vanilla LSTM,test_ood,2024,42574,0.8138011707347762,1.0106579765973205,0.9241426384162885,0.3336882896792418,3.9896657243277387,11.750245538860725,data/revision_main_41d/predictions/seed2024_test_ood.npz
PI-GRU,test_ood,2024,42574,0.556223820229752,0.670832039871201,0.630501577488718,0.28391363059815117,1.9763400643070022,5.4240410964012975,data/revision_main_41d/predictions/seed2024_test_ood.npz
PIRNN-AKF,test_ood,2024,42574,0.5544566143374698,0.668219068215576,0.6261807966671644,0.2892184266365056,1.9999820176435066,5.522154238126779,data/revision_main_41d/predictions/seed2024_test_ood.npz
KalmanNet,test_ood,2024,42574,0.48576247787268134,0.6071573274065883,0.48169165989752993,0.32745790460548774,5.884803711934856,15.626533054021516,data/revision_kalmannet_41d/seed2024_test_ood_kalmannet.npy
Vanilla GRU,test_id,2025,60369,0.24243642284523048,0.3052451772444086,0.22943109885335722,0.17467973555608923,3.9504042596110267,14.211472617769118,data/revision_main_41d/predictions/seed2025_test_id.npz
Vanilla LSTM,test_id,2025,60369,0.25323607724641206,0.32183729299835484,0.2419769834867074,0.17393512800931918,3.768399103119458,12.566940078565267,data/revision_main_41d/predictions/seed2025_test_id.npz
PI-GRU,test_id,2025,60369,0.2083279591547091,0.22568026186150789,0.19115934497948334,0.20670786131599836,3.3327063899810114,12.14932703868756,data/revision_main_41d/predictions/seed2025_test_id.npz
PIRNN-AKF,test_id,2025,60369,0.21504720850487286,0.2250049281273429,0.19231088412232336,0.22610884950331744,3.4022651941525,12.579059334613547,data/revision_main_41d/predictions/seed2025_test_id.npz
KalmanNet,test_id,2025,60369,0.3951935664588139,0.48972381754576944,0.4262199309969003,0.21688941389735072,13.206506141857387,43.96290004443517,data/revision_kalmannet_41d/seed2025_test_id_kalmannet.npy
Vanilla GRU,test_ood,2025,42574,0.7982777020948784,1.0077212769767767,0.8868956513044342,0.3311431723759781,3.2534363488258293,8.901343041542004,data/revision_main_41d/predictions/seed2025_test_ood.npz
Vanilla LSTM,test_ood,2025,42574,0.858155403406949,1.1001154827240711,0.9421234587436896,0.3338284025442197,4.523536135580018,12.668750501411228,data/revision_main_41d/predictions/seed2025_test_ood.npz
PI-GRU,test_ood,2025,42574,0.5465662128772478,0.6530699671202189,0.6114639610752928,0.3095404941661726,1.96030525715091,5.449727470705889,data/revision_main_41d/predictions/seed2025_test_ood.npz
PIRNN-AKF,test_ood,2025,42574,0.544818293544395,0.6509864234801424,0.607518478089574,0.31244022494892915,1.9817606866135464,5.601576837983837,data/revision_main_41d/predictions/seed2025_test_ood.npz
KalmanNet,test_ood,2025,42574,0.5055242039562848,0.6533557392881789,0.466782795601304,0.3491479085240512,5.910066239059183,15.479682248007032,data/revision_kalmannet_41d/seed2025_test_ood_kalmannet.npy
Vanilla GRU,test_id,2026,60369,0.2607548067649242,0.33561100723938303,0.2466348313231838,0.17468749111195228,3.80284865690202,13.602243666630088,data/revision_main_41d/predictions/seed2026_test_id.npz
Vanilla LSTM,test_id,2026,60369,0.24241424265760808,0.29620298803817174,0.23941218667229103,0.17674724857784355,3.6578392997166955,12.180297508903443,data/revision_main_41d/predictions/seed2026_test_id.npz
PI-GRU,test_id,2026,60369,0.20950113100944762,0.2245968415510918,0.1972780712129302,0.20569344439357592,3.2012361241583505,10.749579344567252,data/revision_main_41d/predictions/seed2026_test_id.npz
PIRNN-AKF,test_id,2026,60369,0.21610460342226426,0.22392904607441252,0.19831292122371844,0.225014147245901,3.2682491059632217,11.189917118238,data/revision_main_41d/predictions/seed2026_test_id.npz
KalmanNet,test_id,2026,60369,0.3909046518748929,0.48703162041341774,0.4034203181876298,0.24180899107186407,13.105728035442198,43.022052287467204,data/revision_kalmannet_41d/seed2026_test_id_kalmannet.npy
Vanilla GRU,test_ood,2026,42574,0.8862052791858606,1.0744603376413955,1.0450062613532012,0.3310230915492275,3.156176855709015,8.618532834572564,data/revision_main_41d/predictions/seed2026_test_ood.npz
Vanilla LSTM,test_ood,2026,42574,0.7905490687842605,0.9733136913776558,0.9028667200477224,0.3352545815854582,3.8366290274427426,11.7314651825778,data/revision_main_41d/predictions/seed2026_test_ood.npz
PI-GRU,test_ood,2026,42574,0.5409368536671283,0.6506628320346053,0.6014009643547537,0.30461910322197583,1.9205015769887612,5.515106464362996,data/revision_main_41d/predictions/seed2026_test_ood.npz
PIRNN-AKF,test_ood,2026,42574,0.5395932175144128,0.6491182468548392,0.597856010954032,0.30772749784330544,1.9596397743246194,5.727043185332593,data/revision_main_41d/predictions/seed2026_test_ood.npz
KalmanNet,test_ood,2026,42574,0.5617525596026968,0.6098473962085135,0.5410927905481585,0.5310391322821816,5.8943107766209195,15.405960834779574,data/revision_kalmannet_41d/seed2026_test_ood_kalmannet.npy
PX4-EKF2,test_id,deterministic,60369,0.6488920424268012,0.7642277707531671,0.8041485477700232,0.1802322826340745,25.238299548426426,84.42561967508098,data/revision_main_41d/ekf_predictions.npz
PX4-EKF2,test_ood,deterministic,42574,1.3871479853943705,1.5815328024972053,1.775231525081431,0.3461872717667937,24.122013001169822,86.44834488927212,data/revision_main_41d/ekf_predictions.npz
