method,transient_rmse_mean,transient_rmse_std,anomaly_leakage_mean,anomaly_leakage_std,anomaly_jitter_mean,trans_norm,leak_norm,worst_of_two
PI-GRU (Raw),0.5854944705216004,0.36480112075659243,0.07754234315347282,0.03358900722002111,0.05114119680885771,1.0,1.0,1.0
EMA a=0.9,0.5865185465724287,0.3645454361377713,0.07718010922536672,0.0335264315987835,0.04479085981333991,1.0017490789450427,0.9953285661307764,1.0017490789450427
EMA a=0.7,0.5931129233193693,0.36132272115383995,0.07633578974103059,0.033585147793648816,0.03357506311725043,1.0130119978605123,0.9844400702458241,1.0130119978605123
EMA a=0.5,0.6086614682493662,0.35412777927162775,0.07472175972885287,0.03388106334628733,0.02329913877106783,1.0395682604946328,0.9636252489941216,1.0395682604946328
EMA a=0.3,0.6460472330346161,0.34175917374130044,0.07185093964563216,0.034053997418236025,0.013663013750861847,1.1034215787880473,0.9266026370060013,1.1034215787880473
PIRNN-AKF,0.5850045866401973,0.36151499299091067,0.08789526524715124,0.036265592334998084,0.04332629973651417,0.9991632988763042,1.1335131448528424,1.1335131448528424
EMA a=0.2,0.6903420310852332,0.3333286293082816,0.06958154835862666,0.03353013353313309,0.009064136410505687,1.1790752361337027,0.8973361589152646,1.1790752361337027
EMA a=0.1,0.8055645235347709,0.328004724945213,0.06321951627479434,0.03188733321641456,0.004601209029201486,1.3758704208036607,0.8152902492212475,1.3758704208036607
EMA a=0.05,0.9796604299499593,0.35505527576636486,0.052372369395621454,0.027936288686334052,0.0023612855634207717,1.6732189273746814,0.6754034926693584,1.6732189273746814
