step,time_s,r_scale_mean,akf_weight,nn_weight,innovation_norm
0,0.0,1.4582502047220867,0.6018340206133798,0.39816597938662024,0.1369267042086697
1,0.05,1.797234296798706,0.5795159686338829,0.4204840313661171,1.2140853350938872
2,0.1,1.8406987190246582,0.5770970352242899,0.4229029647757101,0.7674705295540856
3,0.15000000000000002,1.8857220808664958,0.5777511635000474,0.4222488364999526,0.5048270744631277
4,0.2,2.1222455501556396,0.5806108353661157,0.4193891646338843,0.45646351049364764
5,0.25,2.227452278137207,0.5772889515995298,0.42271104840047025,0.3741597465637819
6,0.30000000000000004,2.278963327407837,0.574925800373187,0.42507419962681303,0.28431641616982645
7,0.35000000000000003,2.353473981221517,0.5694405519912237,0.4305594480087763,0.46013945230473696
8,0.4,2.3177262941996255,0.5625505467273768,0.4374494532726232,0.3443266565575229
9,0.45,2.2750452359517417,0.5592463880487346,0.4407536119512654,0.28563243402998195
10,0.5,2.216558297475179,0.5519634828236211,0.44803651717637893,0.2869423542132975
11,0.55,2.202242294947306,0.5649087135462394,0.4350912864537606,0.2345496703217436
12,0.6000000000000001,2.2042790253957114,0.5649128070608874,0.4350871929391126,0.1799435944776425
13,0.65,2.2426400184631348,0.5464775119759654,0.4535224880240346,0.2818413447209076
14,0.7000000000000001,2.2688357830047607,0.5471194384781829,0.4528805615218171,0.2112656706661864
15,0.75,2.2762583096822104,0.5494586770530134,0.45054132294698657,0.15059716209476204
16,0.8,2.3152147928873696,0.5554696099806732,0.4445303900193268,0.1612824017271667
17,0.8500000000000001,2.318479855855306,0.5549120646072166,0.44508793539278335,0.10898750383492052
18,0.9,2.3217729727427163,0.5558715050920313,0.4441284949079687,0.07342615981538324
19,0.9500000000000001,2.3278743426005044,0.5537036730355627,0.44629632696443733,0.04706994077100954
20,1.0,2.366533358891805,0.5480292221619621,0.45197077783803785,0.056229714256416076
21,1.05,2.549005111058553,0.5549279460857837,0.44507205391421634,0.06277092953323239
22,1.1,2.5626405080159507,0.5554945581114369,0.4445054418885631,0.06706447351044184
23,1.1500000000000001,2.5834134419759116,0.5495892290670457,0.45041077093295434,0.06701696534765571
24,1.2000000000000002,2.60876202583313,0.5533372745086402,0.44666272549135977,0.06372515606119526
25,1.25,2.6183504263559976,0.5532435960627747,0.44675640393722527,0.06203775825237382
26,1.3,2.671188751856486,0.5532079846256764,0.44679201537432356,0.06657662586447441
27,1.35,2.741915305455526,0.5564572375984577,0.44354276240154233,0.057929293801401896
28,1.4000000000000001,2.802058458328247,0.5562328458262173,0.44376715417378265,0.050447202327107074
29,1.4500000000000002,2.7655250231424966,0.5618649888533693,0.43813501114663067,0.06552870064895565
30,1.5,2.7201037406921387,0.5627633636072296,0.43723663639277044,0.064827472290919
31,1.55,2.6769517262776694,0.5631242489087361,0.43687575109126386,0.06162539856397262
32,1.6,2.528157631556193,0.5601343996274333,0.4398656003725667,0.09268117189713403
33,1.6500000000000001,2.4778544902801514,0.5551246803985481,0.4448753196014519,0.07908775649569713
34,1.7000000000000002,2.33280881245931,0.5549960614256423,0.4450039385743577,0.08271337769984369
35,1.75,2.131584644317627,0.5549362425958565,0.4450637574041435,0.07775592816459297
36,1.8,2.096275965372721,0.5585309168373689,0.4414690831626311,0.06163637690712217
37,1.85,2.026569445927938,0.5593425103174139,0.4406574896825861,0.04461024481278803
38,1.9000000000000001,1.864776849746704,0.5650182087442699,0.4349817912557301,0.03857747577556605
39,1.9500000000000002,1.7983729044596355,0.5633326609348178,0.4366673390651822,0.05024609735491792
40,2.0,1.7158150672912598,0.5649323174302603,0.4350676825697397,0.060183280210718414
41,2.0500000000000003,1.6695014635721843,0.5609613332091807,0.43903866679081927,0.0698618620436742
42,2.1,1.6581364472707112,0.5602629910000244,0.4397370089999756,0.06742660315566022
43,2.15,1.4900967280069988,0.5509993090559624,0.4490006909440376,0.15349233938461618
44,2.2,1.4741554260253906,0.5530686864157217,0.4469313135842783,0.09710528164421534
45,2.25,1.4318989912668865,0.5585865643256347,0.4414134356743653,0.05006413941309134
46,2.3000000000000003,1.4261683622996013,0.5580228462736028,0.44197715372639723,0.04805437483002817
47,2.35,1.4041027228037517,0.5604427193181314,0.4395572806818686,0.045924943750781884
48,2.4000000000000004,1.3981921672821045,0.5619334850283249,0.43806651497167515,0.047918471258652375
49,2.45,1.3187817732493083,0.5584980366713608,0.4415019633286392,0.08316206075237415
50,2.5,1.3073256413141887,0.5579078227035285,0.44209217729647154,0.07782400594784841
51,2.5500000000000003,1.3030331929524739,0.5528936416430441,0.4471063583569559,0.07007592762548129
52,2.6,1.284000277519226,0.5541380281290132,0.44586197187098675,0.06388951641707619
53,2.6500000000000004,1.2789032856623332,0.5560645892817058,0.44393541071829423,0.06546225327752055
54,2.7,1.2740274667739868,0.5581897684038578,0.4418102315961422,0.07720654219131284
55,2.75,1.27237868309021,0.5583439670065651,0.4416560329934349,0.06567487288042542
56,2.8000000000000003,1.2672137419382732,0.5557612616698749,0.44423873833012506,0.058026576130352094
57,2.85,1.2667001088460286,0.5574786645308991,0.4425213354691009,0.04675041772341484
58,2.9000000000000004,1.2656823794047039,0.5590437052140884,0.4409562947859116,0.054114001701637944
59,2.95,1.268256664276123,0.5597392169372682,0.44026078306273175,0.07643264382917621
60,3.0,1.2873831590016682,0.5555825811041188,0.44441741889588116,0.06691617730475975
61,3.0500000000000003,1.3392653067906697,0.5623001345720092,0.4376998654279908,0.060236285751365165
62,3.1,1.3496715227762859,0.5621480640298144,0.43785193597018557,0.05968755473164826
63,3.1500000000000004,1.3554171721140544,0.5627715121101416,0.43722848788985835,0.0591846310807051
64,3.2,1.464871088663737,0.5676689005610845,0.43233109943891546,0.08561162964063311
65,3.25,1.5042473475138347,0.5678542528811719,0.43214574711882814,0.06193394099060776
66,3.3000000000000003,1.5874167283376057,0.5656171510481323,0.43438284895186774,0.054384638235270524
67,3.35,1.6076656977335613,0.5649664498614715,0.4350335501385285,0.05559564903646685
68,3.4000000000000004,1.868181308110555,0.5683068798416114,0.43169312015838857,0.06480987689936374
69,3.45,1.8981821537017822,0.5706749938096909,0.4293250061903091,0.05643017370895835
70,3.5,1.913688103357951,0.5716948310391412,0.4283051689608588,0.0527799908992821
71,3.5500000000000003,2.1930524508158364,0.5836367327656362,0.4163632672343638,0.04315103065987073
72,3.6,2.212317705154419,0.5821333162309914,0.4178666837690086,0.04015336338720812
73,3.6500000000000004,2.2420812447865806,0.5830104132321279,0.4169895867678721,0.039326200103680556
74,3.7,2.2502888838450112,0.5840451885928079,0.41595481140719215,0.039523726188836976
75,3.75,2.2935431003570557,0.5829442546859143,0.41705574531408574,0.04180095489812078
76,3.8000000000000003,2.2994983990987143,0.5815925542659327,0.4184074457340673,0.04272738047160539
77,3.85,2.3266780376434326,0.5812684854245479,0.4187315145754521,0.04049741927888507
78,3.9000000000000004,2.3726042906443277,0.5855358471771831,0.4144641528228169,0.038170754257442284
79,3.95,2.3777027130126953,0.5861601766750446,0.4138398233249554,0.036605519848702195
80,4.0,2.3815709749857583,0.5884353977128672,0.41156460228713276,0.036849819495934064
81,4.05,2.416256586710612,0.5891023121416574,0.4108976878583426,0.045932474767773394
82,4.1000000000000005,2.4877288341522217,0.5887612412753087,0.4112387587246913,0.03846768023733537
83,4.15,2.571044603983561,0.5920314464626963,0.40796855353730366,0.03731045754408453
84,4.2,2.611680746078491,0.5924518068051972,0.40754819319480284,0.034438153867258424
85,4.25,2.642712116241455,0.5955869888054193,0.40441301119458073,0.041977300778904915
86,4.3,2.66123898824056,0.5953115627999193,0.40468843720008074,0.038392961320525706
87,4.3500000000000005,2.664851983388265,0.5971552103653035,0.4028447896346965,0.03338746663065424
88,4.4,2.656229098637899,0.5984900960532035,0.40150990394679653,0.030542810214337753
89,4.45,2.6553212801615396,0.5939026482072597,0.4060973517927403,0.02831066652206411
90,4.5,2.6516480445861816,0.6018799185718358,0.39812008142816424,0.023916649205011235
91,4.55,2.596802234649658,0.5978154087479706,0.40218459125202943,0.045658446806156244
92,4.6000000000000005,2.585758845011393,0.602043170360259,0.397956829639741,0.03174362796879917
93,4.65,2.5703624884287515,0.5976912192766957,0.40230878072330434,0.028879054845915377
94,4.7,2.560766617457072,0.596320358808477,0.403679641191523,0.03066788196710575
95,4.75,2.554302374521891,0.5998146999564943,0.4001853000435057,0.03485298923756509
96,4.800000000000001,2.5510358015696206,0.5965010650582978,0.4034989349417022,0.0420462263708599
97,4.8500000000000005,2.5480069319407144,0.5906785488867664,0.4093214511132336,0.034873767476026545
98,4.9,2.5432700316111245,0.5916622001331016,0.40833779986689844,0.02861946688919275
99,4.95,2.537793238957723,0.5921633945933621,0.4078366054066379,0.026161265673116055
100,5.0,2.5314180056254068,0.5919279863975802,0.40807201360241985,0.02663855413619754
101,5.050000000000001,2.5052507718404136,0.5986316223519319,0.4013683776480681,0.04028063302942023
102,5.1000000000000005,2.470752159754435,0.5903652094929532,0.40963479050704676,0.05991512803513499
103,5.15,2.4498955408732095,0.5880726034981101,0.4119273965018899,0.06112814239771132
104,5.2,2.4429144859313965,0.5866887593022346,0.41331124069776537,0.056729241658195935
105,5.25,2.434727668762207,0.5810317832786103,0.41896821672138973,0.05377137140882407
106,5.300000000000001,2.4142754872639975,0.5853787496260576,0.4146212503739424,0.054221741067052215
107,5.3500000000000005,2.4044992129007974,0.577496831576361,0.422503168423639,0.045390302873876624
108,5.4,2.3912627696990967,0.5854677361665919,0.41453226383340813,0.040845770364242716
109,5.45,2.389027198155721,0.5839964351729252,0.4160035648270748,0.04187813810253106
110,5.5,2.3833049138387046,0.5816312390227796,0.4183687609772204,0.03718694299924365
111,5.550000000000001,2.378380298614502,0.5798211797511363,0.42017882024886366,0.040404131315068544
112,5.6000000000000005,2.3751503626505532,0.5795803508215776,0.42041964917842245,0.0411034163923627
113,5.65,2.363560358683268,0.576833561954408,0.42316643804559195,0.03723998265684972
114,5.7,2.3386622269948325,0.5746852181702407,0.42531478182975935,0.03873508298474219
115,5.75,2.3383165200551352,0.5770513374830257,0.42294866251697427,0.06412404218778348
116,5.800000000000001,2.3404530684153237,0.5779666064278461,0.42203339357215386,0.03709782138603265
117,5.8500000000000005,2.342505772908529,0.5756774353903583,0.4243225646096417,0.0751491593054295
118,5.9,2.3370867570241294,0.5763856957312541,0.4236143042687459,0.12142660734312817
119,5.95,2.336801528930664,0.5756580677615248,0.42434193223847516,0.09706717481052995
120,6.0,2.33312193552653,0.5679370867984539,0.4320629132015461,0.10228612464239265
121,6.050000000000001,2.327536424001058,0.5657779455461255,0.4342220544538745,0.11696537334368706
122,6.1000000000000005,2.326833963394165,0.5661410926575424,0.4338589073424576,0.09707976852993215
123,6.15,2.3264503479003906,0.5660873426203974,0.4339126573796026,0.08320922196983666
124,6.2,2.3281224568684897,0.5754684403229928,0.4245315596770072,0.0943444974264308
125,6.25,2.329627831776937,0.5753231315738535,0.4246768684261465,0.08280658863181059
126,6.300000000000001,2.3320981661478677,0.5738729479100523,0.4261270520899477,0.08675229256150588
127,6.3500000000000005,2.3373775482177734,0.5727527229065357,0.42724727709346433,0.11603660397838707
128,6.4,2.3397632439931235,0.56863957613763,0.43136042386236995,0.12042135791399201
129,6.45,2.3382416566212973,0.5705847674146391,0.42941523258536085,0.18020486340348701
130,6.5,2.342569669087728,0.573932150098406,0.42606784990159396,0.23197919865213973
131,6.550000000000001,2.346320470174154,0.571559433650752,0.428440566349248,0.2718255991951032
132,6.6000000000000005,2.3460490703582764,0.5654536138954691,0.4345463861045309,0.23134377986335636
133,6.65,2.344045639038086,0.5722705002433692,0.42772949975663077,0.30411350877827836
134,6.7,2.3429032961527505,0.574356131387718,0.425643868612282,0.251361191241655
135,6.75,2.330134073893229,0.5676947668470116,0.4323052331529884,0.34922653212277
136,6.800000000000001,2.318093458811442,0.565607134008568,0.434392865991432,0.42061226112561906
137,6.8500000000000005,2.314565817515055,0.5570588369100855,0.4429411630899145,0.37285832116155276
138,6.9,2.3100830713907876,0.5610716097151036,0.4389283902848964,0.3686222964117823
139,6.95,2.309058984120687,0.5609683974266922,0.43903160257330776,0.28543550582999505
140,7.0,2.305207888285319,0.5620321216785792,0.4379678783214208,0.26024158524648877
141,7.050000000000001,2.3031300703684487,0.559031691408691,0.440968308591309,0.26536518275018284
142,7.1000000000000005,2.3021751244862876,0.5582816254836176,0.4417183745163824,0.2550963990372666
143,7.15,2.3024895191192627,0.561213998182639,0.43878600181736105,0.2049508605462542
144,7.2,2.281573216120402,0.5586139989703285,0.4413860010296715,0.2921017671679473
145,7.25,2.278984626134237,0.5566015641135028,0.4433984358864972,0.2803993146312246
146,7.300000000000001,2.279684066772461,0.5604234266658579,0.43957657333414213,0.22650932523087847
147,7.3500000000000005,2.290477196375529,0.5528834671422524,0.44711653285774755,0.22871863084928884
148,7.4,2.309438943862915,0.5643901495281013,0.4356098504718987,0.2461497922740098
149,7.45,2.315831104914347,0.5531931775840678,0.44680682241593217,0.20935452425606324
150,7.5,2.3271271387736,0.5626533304033573,0.4373466695966427,0.18996874063521066
151,7.550000000000001,2.3310999870300293,0.5629417133135572,0.43705828668644275,0.1461308654812707
152,7.6000000000000005,2.340083678563436,0.5598892538844727,0.44011074611552725,0.1310584380956175
153,7.65,2.3522499402364097,0.5592440599378994,0.4407559400621006,0.12492133850565044
154,7.7,2.3660120964050293,0.5572285032948413,0.4427714967051587,0.12926681145829075
155,7.75,2.371634562810262,0.5570092466833989,0.4429907533166011,0.1105578919100825
156,7.800000000000001,2.3941426277160645,0.5561602390683679,0.44383976093163213,0.13662733246820785
157,7.8500000000000005,2.400026877721151,0.5555004087507772,0.4444995912492228,0.11605400240995983
158,7.9,2.406478484471639,0.5550408450726195,0.4449591549273805,0.10045321513332395
159,7.95,2.4124489625295005,0.557674588783535,0.44232541121646496,0.09060584024305422
160,8.0,2.4677204291025796,0.5565700286566292,0.4434299713433708,0.16031672563119323
161,8.05,2.4827213287353516,0.5535228526411337,0.44647714735886634,0.14079919076291236
162,8.1,2.490483363469442,0.5529955448695433,0.4470044551304567,0.11791264341693453
163,8.15,2.5435136953989663,0.5538914999134137,0.4461085000865863,0.13546614301707624
164,8.200000000000001,2.632957855860392,0.5537897301760699,0.4462102698239301,0.15541431356111648
165,8.25,2.6427129904429116,0.5533590651363072,0.44664093486369283,0.12085840222813543
166,8.3,2.7511101563771567,0.5538301791555841,0.4461698208444159,0.16806638430530907
167,8.35,2.8586905797322593,0.5442223830058884,0.45577761699411157,0.1934715433766851
168,8.4,2.939804712931315,0.5469241016815373,0.45307589831846273,0.19106566608197983
169,8.450000000000001,2.993108034133911,0.5439478543971288,0.4560521456028712,0.16354519855247227
170,8.5,3.012136777242025,0.5431921801275786,0.45680781987242136,0.13241126439578477
171,8.55,3.0537091890970864,0.5448040507088026,0.45519594929119744,0.10800686176851604
172,8.6,3.0761045614878335,0.5442404513713687,0.45575954862863133,0.08593510282046347
173,8.65,3.0991790294647217,0.5476532460203183,0.4523467539796817,0.06870870481562075
174,8.700000000000001,3.142279068628947,0.5433664741150797,0.45663352588492034,0.05131532691036594
175,8.75,2.9725173314412436,0.546637196482807,0.45336280351719305,0.09938631527397224
176,8.8,2.8384034633636475,0.548337135117312,0.45166286488268803,0.08388629333210226
177,8.85,2.7983367443084717,0.549123022709038,0.450876977290962,0.06929499001806405
178,8.9,2.559188445409139,0.5380588374711144,0.4619411625288856,0.06853511762060566
179,8.950000000000001,2.507234732309977,0.5388502844797605,0.46114971552023953,0.06788712426828063
180,9.0,2.4826610883076987,0.5394489035166654,0.4605510964833346,0.06635843718494798
181,9.05,2.458892265955607,0.5388644021469983,0.46113559785300173,0.06545942808631332
182,9.1,2.4356868267059326,0.538180340440406,0.46181965955959403,0.06475055559029257
183,9.15,2.392151196797689,0.5356033713014469,0.46439662869855314,0.06697255057966939
184,9.200000000000001,2.197640816370646,0.5447235662630528,0.45527643373694715,0.06102672459654489
185,9.25,2.0414632161458335,0.5458143183147431,0.45418568168525686,0.04638358619179851
186,9.3,2.0219762325286865,0.5468385190000545,0.45316148099994547,0.04521822485156608
187,9.35,1.949579159418742,0.550053922215687,0.44994607778431295,0.05472732813142922
188,9.4,1.839707851409912,0.5539220805441047,0.44607791945589526,0.05793203447661889
189,9.450000000000001,1.823948860168457,0.5517791092767503,0.44822089072324967,0.058392052050427315
190,9.5,1.7941772143046062,0.5513456126642184,0.44865438733578156,0.060795992607624486
191,9.55,1.7298170725504558,0.5468687257347522,0.4531312742652478,0.07298249871453272
192,9.600000000000001,1.6673848628997803,0.5474804751629265,0.4525195248370735,0.08897509193448404
193,9.65,1.641444206237793,0.5478918154220046,0.4521081845779954,0.08426314998098539
194,9.700000000000001,1.5418020884195964,0.547658168522968,0.452341831477032,0.10240893254703914
195,9.75,1.47199543317159,0.5492239556189809,0.45077604438101915,0.07888624757626977
196,9.8,1.4124117692311604,0.549186628979348,0.450813371020652,0.09155374579864733
197,9.850000000000001,1.4040932655334473,0.5480885320967079,0.45191146790329206,0.08216211428346162
198,9.9,1.389431079228719,0.5442584671478684,0.4557415328521316,0.08141894094834337
199,9.950000000000001,1.3605275948842366,0.5448049930602039,0.4551950069397961,0.08232934318686214
200,10.0,1.351562261581421,0.5472020883804232,0.45279791161957683,0.07041666975281205
201,10.05,1.3442318836847942,0.5493231566603433,0.45067684333965674,0.061953165734194814
202,10.100000000000001,1.3241397142410278,0.5524306017314611,0.4475693982685389,0.035390105232415
203,10.15,1.3227962652842205,0.5579564530929318,0.44204354690706815,0.04392059004016182
204,10.200000000000001,1.3271598815917969,0.5643752607186086,0.43562473928139145,0.04849291353283653
205,10.25,1.3447128931681316,0.5686728420189325,0.43132715798106747,0.059954083542973116
206,10.3,1.3503291606903076,0.5698841134199646,0.4301158865800354,0.051178171467015664
207,10.350000000000001,1.3601843118667603,0.5731221784325343,0.4268778215674657,0.05655749745029372
208,10.4,1.3628818194071453,0.5738823787360695,0.4261176212639305,0.051219092116938585
209,10.450000000000001,1.3686951001485188,0.5728277892579998,0.4271722107420002,0.0537644133351353
210,10.5,1.3715897003809612,0.5735395497866248,0.4264604502133752,0.05284818019790411
211,10.55,1.389616886774699,0.5703280443994392,0.4296719556005608,0.06564267076052144
212,10.600000000000001,1.4495399792989094,0.5691876856054034,0.43081231439459655,0.08462270564197773
213,10.65,1.4596861998240154,0.5698743463741718,0.4301256536258282,0.0652909781598545
214,10.700000000000001,1.4648881753285725,0.5675854036552215,0.4324145963447785,0.0543682901644286
215,10.75,1.4812814394632976,0.5697612613150536,0.43023873868494644,0.05296291081449206
216,10.8,1.486819585164388,0.5703934034764212,0.4296065965235788,0.04790800081403
217,10.850000000000001,1.498522122701009,0.5723851272724793,0.42761487272752075,0.04663935424941837
218,10.9,1.5196545124053955,0.5728272877763398,0.42717271222366016,0.04540942696467939
219,10.950000000000001,1.544377326965332,0.5745027935700984,0.42549720642990163,0.04524158950242949
220,11.0,1.5532987117767334,0.5744258844177123,0.42557411558228775,0.044080251363459284
221,11.05,1.6411581834157307,0.5739746714363997,0.4260253285636003,0.05134161100359191
222,11.100000000000001,1.6536492506663005,0.5737224860768273,0.4262775139231727,0.046368191268313264
223,11.15,1.6672077178955078,0.5736985298809135,0.4263014701190865,0.045613566428685734
224,11.200000000000001,1.7110539277394612,0.5725055569405514,0.4274944430594486,0.05132295167970968
225,11.25,1.7780014673868816,0.5693103740878318,0.4306896259121682,0.05426444944098094
226,11.3,1.8178620338439941,0.5715139495000879,0.42848605049991206,0.05997389540261646
227,11.350000000000001,1.858972708384196,0.5707819651668867,0.42921803483311327,0.060702597863065165
228,11.4,2.1803505420684814,0.56854593115916,0.43145406884084003,0.09454453411365535
229,11.450000000000001,2.273374080657959,0.5685311836428381,0.43146881635716194,0.09009826307716073
230,11.5,2.2905608812967935,0.5683938916016145,0.43160610839838554,0.07735595164960456
231,11.55,2.304867744445801,0.5681617518710227,0.4318382481289773,0.06913089162944375
232,11.600000000000001,2.33551295598348,0.5660132580416632,0.43398674195833675,0.07097688570368813
233,11.65,2.391648530960083,0.5666215783864339,0.4333784216135661,0.08690833536642001
234,11.700000000000001,2.4182671705881753,0.5646766402751109,0.4353233597248891,0.0826985828225222
235,11.75,2.4777257442474365,0.5646872155085643,0.43531278449143573,0.09775709607444628
236,11.8,2.547691504160563,0.5656211755075893,0.4343788244924107,0.13222679551950686
237,11.850000000000001,2.5600384871164956,0.5659302743413096,0.4340697256586904,0.10671448845205006
238,11.9,2.587209860483805,0.565512568083969,0.434487431916031,0.0908131992954421
239,11.950000000000001,2.635633865992228,0.5644464217396148,0.4355535782603852,0.10624658525313085
240,12.0,2.6890477339426675,0.5642425604954452,0.4357574395045548,0.15042790789523958
241,12.05,2.7107876936594644,0.5631366098869242,0.43686339011307584,0.1580008561671742
242,12.100000000000001,2.6537230809529624,0.5623739531282118,0.4376260468717882,0.17146590856580982
243,12.15,2.6383206844329834,0.5619678748325553,0.4380321251674447,0.14060021466276443
244,12.200000000000001,2.5736064116160073,0.5618685967099186,0.4381314032900814,0.1515189662434995
245,12.25,2.5589272181193032,0.5619278744479178,0.4380721255520822,0.12357616205056161
246,12.3,2.493093172709147,0.5665922529984324,0.4334077470015676,0.16004224686862265
247,12.350000000000001,2.4817957878112793,0.5674281439682456,0.4325718560317544,0.12660253718323072
248,12.4,2.4610654513041177,0.5687325751284601,0.4312674248715399,0.11597476217983625
249,12.450000000000001,2.402683973312378,0.5720461145724375,0.4279538854275625,0.17117710224294697
250,12.5,2.342356522878011,0.5691807973514765,0.43081920264852347,0.18981544341176182
251,12.55,2.2561723391215005,0.5607641716355609,0.4392358283644391,0.2793337844375493
252,12.600000000000001,2.2412707805633545,0.5564644137591281,0.44353558624087186,0.2468092930543932
253,12.65,2.244947910308838,0.5506574659909634,0.44934253400903656,0.3056259975842736
254,12.700000000000001,2.2680675983428955,0.5445223603945345,0.4554776396054655,0.26976979522612915
255,12.75,2.3188423315684,0.5468911485544579,0.45310885144554214,0.3070786144805097
256,12.8,2.3468178113301597,0.5506414024983713,0.44935859750162865,0.28385660655151634
257,12.850000000000001,2.356456995010376,0.5533115054618896,0.44668849453811044,0.23389309312217577
258,12.9,2.3663421471913657,0.5531281490898478,0.44687185091015225,0.20191931199823626
259,12.950000000000001,2.379995584487915,0.5531621273191486,0.4468378726808514,0.17857518804679268
260,13.0,2.3821547826131186,0.5517515416323258,0.44824845836767424,0.1303794490905279
261,13.05,2.3840344746907554,0.5502180523666746,0.44978194763332535,0.0933899366932397
262,13.100000000000001,2.394303798675537,0.5485694330151467,0.4514305669848533,0.08403685702188143
263,13.15,2.4300149281819663,0.5457595617809904,0.4542404382190096,0.09935741382013524
264,13.200000000000001,2.526073455810547,0.5396586136582464,0.4603413863417536,0.19825879440984595
265,13.25,2.6120146115620932,0.5411282873739522,0.45887171262604776,0.22796631204548987
266,13.3,2.805211146672567,0.5464079317336976,0.4535920682663024,0.2775661673977167
267,13.350000000000001,2.032813390096029,0.5586515741946766,0.4413484258053234,0.5170495997795392
268,13.4,1.8468932310740154,0.564779755833476,0.43522024416652405,0.4397592960263484
269,13.450000000000001,1.7521974245707195,0.558541024077155,0.441458975922845,0.3100451894168182
270,13.5,1.7231046358744304,0.5578932878797821,0.4421067121202179,0.19458429749826703
271,13.55,1.7138009866078694,0.5642136331126051,0.4357863668873949,0.12837826101014643
272,13.600000000000001,1.635943094889323,0.5587377888351873,0.4412622111648127,0.11069816480535531
273,13.65,1.6004281838734944,0.5571999854086,0.44280001459139995,0.11928864218848681
274,13.700000000000001,1.5587353706359863,0.5527576570838919,0.4472423429161081,0.10417758204897513
275,13.75,1.523381233215332,0.5594070886336032,0.4405929113663968,0.05514600427132152
276,13.8,1.5061004161834717,0.5707446870544401,0.42925531294555985,0.04259877751609072
277,13.850000000000001,1.486962080001831,0.5708845163392047,0.4291154836607953,0.03512521106560453
278,13.9,1.4779078960418701,0.5726454089165051,0.42735459108349494,0.03699053249475222
279,13.950000000000001,1.4674601554870605,0.574880729172659,0.425119270827341,0.04075814160684535
280,14.0,1.4529033501942952,0.5710078426197432,0.42899215738025676,0.04882762749260324
281,14.05,1.4175527095794678,0.5713611179398175,0.4286388820601825,0.0821664884418504
282,14.100000000000001,1.4149657885233562,0.5694802935293742,0.43051970647062576,0.06998170107112228
283,14.15,1.4120951493581135,0.5699300618529153,0.4300699381470847,0.06292996600390635
284,14.200000000000001,1.399239460627238,0.5713111346801287,0.42868886531987127,0.06492646895293389
285,14.25,1.3682933648427327,0.5706142382261831,0.42938576177381693,0.07662650104831205
286,14.3,1.3590147495269775,0.5721425963101895,0.4278574036898105,0.06942151526347762
287,14.350000000000001,1.3561817010243733,0.5719499236583423,0.4280500763416577,0.06316373282523036
288,14.4,1.3537364800771077,0.5736761024464623,0.4263238975535377,0.08288380132024993
289,14.450000000000001,1.3529420296351116,0.5722162859399056,0.4277837140600944,0.06462052794606447
290,14.5,1.3481218020121257,0.5729784802417863,0.4270215197582137,0.055625780895747025
291,14.55,1.3448238372802734,0.575024110545125,0.42497588945487497,0.05085108463606672
292,14.600000000000001,1.350689689318339,0.5781115334335213,0.4218884665664787,0.04645079343131683
293,14.65,1.3505477110544841,0.5779785468774035,0.42202145312259653,0.048279864316949646
294,14.700000000000001,1.3504958152770996,0.574121291925773,0.425878708074227,0.05609044404386924
295,14.75,1.3496994574864705,0.571810386141988,0.428189613858012,0.05570936148746888
296,14.8,1.349539319674174,0.570424856042386,0.429575143957614,0.055185520152866464
297,14.850000000000001,1.3473800818125408,0.571794573267527,0.42820542673247297,0.05802081135503394
298,14.9,1.3422828515370686,0.5653353466074013,0.43466465339259874,0.0700840303651219
299,14.950000000000001,1.34244704246521,0.5649099926052046,0.4350900073947954,0.06428857461763882
300,15.0,1.3426946798960369,0.5644985936942211,0.43550140630577894,0.0626209844435873
301,15.05,1.3437337080637615,0.5642795687468051,0.43572043125319493,0.06289808987655579
302,15.100000000000001,1.3438688119252522,0.5635538054314535,0.4364461945685465,0.06445922126308541
303,15.15,1.3445509274800618,0.563592033229095,0.436407966770905,0.06630818866689184
304,15.200000000000001,1.3492279847462971,0.5623351957823195,0.4376648042176805,0.06757726866374375
305,15.25,1.349826176961263,0.563694914237683,0.43630508576231697,0.06766945753031565
306,15.3,1.3494998216629028,0.5644271532028806,0.4355728467971194,0.07218333237367819
307,15.350000000000001,1.3501139481862385,0.5633938562678353,0.43660614373216466,0.07426362041085006
308,15.4,1.3581526676813762,0.5618921869513721,0.4381078130486279,0.07210885746109492
309,15.450000000000001,1.3599084218343098,0.5653774540400573,0.43462254595994265,0.06750185070145326
310,15.5,1.371431032816569,0.5720432433297629,0.42795675667023714,0.06220338296386386
311,15.55,1.372486670811971,0.5729086704922514,0.42709132950774864,0.0596287079294714
312,15.600000000000001,1.3952494462331135,0.5761852766964763,0.42381472330352365,0.055724584254724985
313,15.65,1.3996593157450359,0.5782026563994549,0.4217973436005451,0.0514791083038649
314,15.700000000000001,1.4040184020996094,0.5749515691897915,0.4250484308102085,0.04961414447368878
315,15.75,1.4082920551300049,0.5823739054753255,0.4176260945246745,0.05128291075655499
316,15.8,1.4158660570780437,0.5791116562474359,0.4208883437525641,0.046644312641190545
317,15.850000000000001,1.4170901775360107,0.585473073623408,0.41452692637659205,0.045972102333979054
318,15.9,1.4365338484446208,0.5843749495550635,0.4156250504449365,0.0512314973273708
319,15.950000000000001,1.4405060609181721,0.5836630258108485,0.4163369741891515,0.04513818605752204
320,16.0,1.485925515492757,0.5840031386679502,0.4159968613320498,0.04732699292273719
321,16.05,1.492148717244466,0.5846904225525102,0.41530957744748975,0.04404299770650276
322,16.1,1.5071435769399006,0.5859459529708284,0.4140540470291716,0.04426004119492094
323,16.150000000000002,1.5470043818155925,0.5832088866387217,0.4167911133612783,0.05796809143275328
324,16.2,1.5559680461883545,0.588993963111171,0.411006036888829,0.05500637124895589
325,16.25,1.5726497173309326,0.5814055088332964,0.41859449116670355,0.05309358747235687
326,16.3,1.591477632522583,0.5855360557572998,0.41446394424270017,0.04661273605100323
327,16.35,1.702980677286784,0.5811028098705874,0.4188971901294126,0.05200823760742736
328,16.400000000000002,1.7387115955352783,0.579565398436395,0.420434601563605,0.05609087210973334
329,16.45,1.7537222703297932,0.5777414990817265,0.42225850091827355,0.05313252143364962
330,16.5,1.7932456334431965,0.5778260922149178,0.42217390778508224,0.05320979530293992
331,16.55,1.831696589787801,0.5727131226892754,0.42728687731072457,0.05047295615098904
332,16.6,1.936409552892049,0.5797836739499167,0.4202163260500833,0.04902935075243927
333,16.650000000000002,1.9603081544240315,0.5778254792153344,0.42217452078466555,0.04546323651602666
334,16.7,1.9853705565134685,0.5785321500924048,0.4214678499075952,0.043825990204518786
335,16.75,1.998174746831258,0.5780149764017112,0.4219850235982888,0.04173795989623999
336,16.8,2.01129150390625,0.578552127457731,0.421447872542269,0.040562254128845995
337,16.85,2.1339343388875327,0.5832967090255673,0.4167032909744327,0.042175740662049814
338,16.900000000000002,2.139209747314453,0.5834006926909404,0.4165993073090596,0.037369199461230025
339,16.95,2.149296998977661,0.5841358531644996,0.41586414683550044,0.03640734225082957
340,17.0,2.1690851847330728,0.5826727726007404,0.41732722739925965,0.035016866434509714
341,17.05,2.187795559565226,0.5850143514732777,0.41498564852672226,0.03429467761458786
342,17.1,2.240652163823446,0.5864413194398258,0.4135586805601742,0.03261949100869644
343,17.150000000000002,2.2507197856903076,0.585722490809828,0.41427750919017203,0.03248276127438341
344,17.2,2.25604780515035,0.585629527972125,0.414370472027875,0.034022605271958335
345,17.25,2.4084391593933105,0.588572119476416,0.41142788052358403,0.04120749111607014
346,17.3,2.500439723332723,0.5857965405980277,0.41420345940197234,0.03927464932182749
347,17.35,2.5143094062805176,0.5865472506214165,0.41345274937858345,0.04069157234963939
348,17.400000000000002,2.5197790463765464,0.5873203681844285,0.41267963181557155,0.038385585561453286
349,17.45,2.541859229405721,0.5849828195240823,0.41501718047591774,0.032897461319098216
350,17.5,2.6001599629720054,0.5867295632619222,0.41327043673807784,0.02604225206236552
351,17.55,2.5787552992502847,0.5870645100350377,0.4129354899649623,0.04218217489933169
352,17.6,2.564741055170695,0.5899377065643283,0.4100622934356717,0.03626887867195298
353,17.650000000000002,2.5435245037078857,0.5893180275390413,0.4106819724609587,0.030530797561325193
354,17.7,2.5265872478485107,0.5917990022296653,0.4082009977703347,0.03079521410550252
355,17.75,2.509502410888672,0.5834931519817681,0.4165068480182319,0.0336016830677706
356,17.8,2.477607250213623,0.5941902380810907,0.4058097619189093,0.02482691477217088
357,17.85,2.4648804664611816,0.5836248364106406,0.41637516358935944,0.03071454068195835
358,17.900000000000002,2.443084796269735,0.5870370233694819,0.41296297663051806,0.05106817392295552
359,17.95,2.4273595015207925,0.5820163167349688,0.4179836832650312,0.06673322919892331
360,18.0,2.3590882619222007,0.5719114197978225,0.42808858020217755,0.13746420530836537
361,18.05,2.3540225823720298,0.5702888235268101,0.4297111764731899,0.1144596536075427
362,18.1,2.3500305811564126,0.5718426494873485,0.42815735051265147,0.09665605440325557
363,18.150000000000002,2.3487013975779214,0.5714017156441308,0.4285982843558692,0.08016473686780959
364,18.2,2.3469387690226235,0.5738080089996902,0.4261919910003098,0.06638873966806919
365,18.25,2.2961246967315674,0.5621937183818592,0.43780628161814084,0.06620776119449662
366,18.3,2.2941571871439614,0.5647816991739175,0.4352183008260825,0.05743365434274899
367,18.35,2.2892650763193765,0.5633024963799482,0.4366975036200518,0.056310454060595726
368,18.400000000000002,2.286892573038737,0.5622334216071864,0.43776657839281363,0.05583012912627798
369,18.45,2.284676710764567,0.5604231775968527,0.4395768224031473,0.060344092190676824
370,18.5,2.284677346547445,0.5519278803348309,0.44807211966516913,0.08344201177703792
371,18.55,2.291996637980143,0.5517554965028313,0.4482445034971687,0.09568836438010504
372,18.6,2.303950309753418,0.5468219769358006,0.4531780230641994,0.12237012937954278
373,18.650000000000002,2.316831588745117,0.545619117073294,0.454380882926706,0.1307534738073742
374,18.7,2.3200878302256265,0.5451952966552135,0.4548047033447865,0.09929664416237645
375,18.75,2.3261402448018393,0.5423998110004472,0.4576001889995528,0.06900554919886062
376,18.8,2.3297858238220215,0.5479195533207678,0.4520804466792322,0.05017853373592471
377,18.85,2.335947354634603,0.5479358532786566,0.45206414672134343,0.047670955924332584
378,18.900000000000002,2.3494245211283364,0.5526402253045953,0.44735977469540467,0.06356157010328346
379,18.95,2.3538147608439126,0.5502915781068405,0.4497084218931595,0.061789803082155134
380,19.0,2.4665627479553223,0.5565434854490829,0.44345651455091706,0.1656400441035757
381,19.05,2.483130852381388,0.5587438027818208,0.4412561972181792,0.14121251413795838
382,19.1,2.4945695400238037,0.5620484852320804,0.4379515147679196,0.12479617199924369
383,19.150000000000002,2.508671601613363,0.563454899731921,0.436545100268079,0.11867899060254286
384,19.200000000000003,2.563892364501953,0.5630191383862695,0.4369808616137305,0.3631560063233988
385,19.25,2.5670788288116455,0.5633292794066669,0.4366707205933331,0.2816863433568594
386,19.3,2.5760125319163003,0.5664721328873525,0.43352786711264746,0.24992681842350697
387,19.35,2.5853962103525796,0.5637917882934825,0.43620821170651747,0.22707585269594133
388,19.400000000000002,2.59546693166097,0.5627300154868995,0.4372699845131005,0.21202308826357338
389,19.450000000000003,2.598264296849569,0.5627719742628667,0.43722802573713326,0.17597788711634826
390,19.5,2.6034913063049316,0.5660150478443985,0.4339849521556015,0.16639096841179996
391,19.55,2.6135838826497397,0.5611261890323399,0.4388738109676601,0.170628188992027
392,19.6,2.6229071617126465,0.5560225816267542,0.4439774183732458,0.17708933562796111
393,19.650000000000002,2.6574532190958657,0.5592477989907152,0.4407522010092848,0.28013317137545835
394,19.700000000000003,2.6665311654408774,0.5594192994471345,0.44058070055286547,0.23838529020925825
395,19.75,2.679448127746582,0.5568419037144394,0.4431580962855606,0.22355425969572448
396,19.8,2.688209374745687,0.5571959346952883,0.4428040653047117,0.2007609223812505
397,19.85,2.7028886477152505,0.5568074624214587,0.44319253757854127,0.2012699106281376
398,19.900000000000002,2.717784563700358,0.5532356271394597,0.44676437286054027,0.20437714073234867
399,19.950000000000003,2.7323813438415527,0.5544630387487092,0.44553696125129083,0.21347366552672403
400,20.0,2.781393845876058,0.5477517361536675,0.45224826384633254,0.3146509487584268
401,20.05,2.8803020318349204,0.5398456530890232,0.4601543469109768,0.43837167493837315
402,20.1,2.8853038946787515,0.5397322871390573,0.4602677128609427,0.3511119788572847
403,20.150000000000002,2.898244301478068,0.538116405275423,0.46188359472457696,0.31011719578683256
404,20.200000000000003,2.510266065597534,0.521136032710154,0.47886396728984604,0.488903095158163
405,20.25,2.233755032221476,0.5174291758123923,0.48257082418760766,0.5383802100864481
406,20.3,2.2198802630106607,0.5177039853874162,0.48229601461258376,0.41264891369056633
407,20.35,1.9631478786468506,0.5296115316263802,0.4703884683736198,0.5447669135288622
408,20.400000000000002,1.9489624500274658,0.5304579861537911,0.46954201384620886,0.383605990199905
409,20.450000000000003,1.9345831076304119,0.5304337831739295,0.46956621682607047,0.2680578037228858
410,20.5,1.860231081644694,0.5239688393666326,0.47603116063336737,0.19194715817090655
411,20.55,1.8026220798492432,0.5231082905734744,0.4768917094265256,0.13115016527527076
412,20.6,1.7783191998799641,0.5199421407400993,0.48005785925990074,0.09356758121237146
413,20.650000000000002,1.737823247909546,0.5270086575213021,0.4729913424786979,0.0915187808987427
414,20.700000000000003,1.728089729944865,0.524325662683018,0.47567433731698205,0.06493880774780884
415,20.75,1.6925828456878662,0.5204985107778737,0.4795014892221263,0.07307297351046003
416,20.8,1.6408681869506836,0.5286533334491714,0.4713466665508286,0.090970586654081
417,20.85,1.5110824902852376,0.536154199526932,0.463845800473068,0.15417853482456192
418,20.900000000000002,1.4280519485473633,0.5384772430766354,0.46152275692336464,0.0730939749276023
419,20.950000000000003,1.4125111897786458,0.5347674216337927,0.46523257836620735,0.04511817037353073
420,21.0,1.4060104688008626,0.5349012696049195,0.46509873039508054,0.04702446943272164
421,21.05,1.3606518507003784,0.5364699380173397,0.46353006198266034,0.07055569008981027
422,21.1,1.3575633366902669,0.5384504390488982,0.4615495609511018,0.06596371970632597
423,21.150000000000002,1.3429685433705647,0.5425680287728762,0.45743197122712376,0.05212848432364176
424,21.200000000000003,1.3476235071818035,0.5545745333355009,0.4454254666644991,0.04461985612302374
425,21.25,1.369518240292867,0.5595452560766844,0.44045474392331563,0.05868718931875703
426,21.3,1.3715084791183472,0.5599470336567601,0.44005296634323987,0.05282668334178111
427,21.35,1.3913078308105469,0.5569138106848499,0.4430861893151501,0.07692799483181806
428,21.400000000000002,1.397774616877238,0.5583157271718817,0.4416842728281183,0.06815694828491425
429,21.450000000000003,1.4039233525594075,0.5606593314927042,0.4393406685072958,0.06426050598927402
430,21.5,1.4279413223266602,0.5572126384945738,0.4427873615054262,0.08316038849006926
431,21.55,1.443483591079712,0.5566005064805918,0.4433994935194082,0.07586533472090345
432,21.6,1.4929273923238118,0.5583981844074475,0.4416018155925525,0.07352244375131917
433,21.650000000000002,1.544388214747111,0.563196809629826,0.436803190370174,0.07948589985260868
434,21.700000000000003,1.6260308424631755,0.5630342569314966,0.43696574306850344,0.048826962830298505
435,21.75,1.8380521933237712,0.562975846630639,0.43702415336936096,0.04256475621054241
436,21.8,1.948788086573283,0.564310745154054,0.435689254845946,0.044366080980834555
437,21.85,1.9681191444396973,0.5642128773030827,0.43578712269691733,0.04682162130414315
438,21.900000000000002,2.1368609269460044,0.5648012838737401,0.43519871612625993,0.051281710202322486
439,21.950000000000003,2.154898007710775,0.5645466007923043,0.43545339920769566,0.05170984697492317
440,22.0,2.1729544003804526,0.5641708791941338,0.4358291208058662,0.05222877884282188
441,22.05,2.3764848709106445,0.5654853322948663,0.4345146677051337,0.05714555115229617
442,22.1,2.4615827401479087,0.56738000244269,0.43261999755730995,0.0797622001438408
443,22.150000000000002,2.4775353272755942,0.5674558360326981,0.4325441639673019,0.06839192894805869
444,22.200000000000003,2.4853169123331704,0.567881298262487,0.432118701737513,0.05887915070144671
445,22.25,2.5632998943328857,0.5726570542272656,0.42734294577273435,0.10593435088309508
446,22.3,2.6499523321787515,0.575766588839574,0.424233411160426,0.1661716325379066
447,22.35,2.659808953603109,0.5756276997392821,0.4243723002607179,0.1257414388512532
448,22.400000000000002,2.6895715395609536,0.5741754277368388,0.42582457226316117,0.11345666131139596
449,22.450000000000003,2.7432854970296225,0.5718309678760245,0.4281690321239755,0.18426375534014533
450,22.5,2.7618842124938965,0.28,0.72,0.17502643931180586
451,22.55,2.6960748036702475,0.28,0.72,0.2759685243874906
452,22.6,2.6284247239430747,0.28,0.72,0.3168106823619202
453,22.650000000000002,2.5736992359161377,0.28,0.72,0.3732352147902641
454,22.700000000000003,2.537316083908081,0.28,0.72,0.402515184578211
455,22.75,2.4800350666046143,0.28,0.72,0.48198639845434
456,22.8,2.4578444957733154,0.28,0.72,0.492338589018113
457,22.85,2.422714630762736,0.28,0.72,0.533091583818183
458,22.900000000000002,2.3972979386647544,0.28,0.72,0.5543465024250067
459,22.950000000000003,2.383432308832804,0.28,0.72,0.5477256200836421
460,23.0,2.3660008907318115,0.28,0.72,0.5626728260380447
461,23.05,2.3573830922444663,0.28,0.72,0.5526556319272531
462,23.1,2.3345699310302734,0.28,0.72,0.6038532031549847
463,23.150000000000002,2.3312750657399497,0.28,0.72,0.5692775908944222
464,23.200000000000003,2.317621866861979,0.28,0.72,0.6061818175699419
465,23.25,2.316516717274984,0.28,0.72,0.5665799035247684
466,23.3,2.311225970586141,0.28,0.72,0.5641900241345299
467,23.35,2.311026096343994,0.28,0.72,0.5447378104473172
468,23.400000000000002,2.3126437664031982,0.28,0.72,0.5332316946347806
469,23.450000000000003,2.317992687225342,0.28,0.72,0.5763882456988113
470,23.5,2.3695449034372964,0.28,0.72,0.7038238785815872
471,23.55,2.3888285954793296,0.28,0.72,0.7118045791977641
472,23.6,2.4002583026885986,0.28,0.72,0.6971167778051095
473,23.650000000000002,2.403175433476766,0.28,0.72,0.6527900923859002
474,23.700000000000003,2.4296046098073325,0.28,0.72,0.7499182921350714
475,23.75,2.4408581256866455,0.28,0.72,0.737992352982697
476,23.8,2.4451096852620444,0.28,0.72,0.6896005289610687
477,23.85,2.447166919708252,0.28,0.72,0.6380356789468602
478,23.900000000000002,2.4640483061472573,0.28,0.72,0.6194478384492459
479,23.950000000000003,2.4682442347208657,0.28,0.72,0.5767089304351081
480,24.0,2.4791783491770425,0.28,0.72,0.5537306120655934
481,24.05,2.495276848475138,0.28,0.72,0.5422593025067491
482,24.1,2.507139523824056,0.28,0.72,0.5252192678889465
483,24.150000000000002,2.5344953536987305,0.28,0.72,0.5268126206878303
484,24.200000000000003,2.552706718444824,0.28,0.72,0.4998155967961484
485,24.25,2.5589484373728433,0.28,0.72,0.46294536868332886
486,24.3,2.5688320795694985,0.28,0.72,0.4317877441271035
487,24.35,2.575253407160441,0.28,0.72,0.4110314039365471
488,24.400000000000002,2.5768622557322183,0.28,0.72,0.3828555594279097
489,24.450000000000003,2.5872055689493814,0.28,0.72,0.3604594171392637
490,24.5,2.715733766555786,0.28,0.72,0.377005370157412
491,24.55,2.7711501121520996,0.28,0.72,0.3425768611805874
492,24.6,2.8261800607045493,0.28,0.72,0.31104058167321597
493,24.650000000000002,2.8432583014170327,0.28,0.72,0.2948182153540729
494,24.700000000000003,2.8500634829203286,0.28,0.72,0.27700673267098386
495,24.75,2.857373078664144,0.28,0.72,0.2603269237390786
496,24.8,2.875959793726603,0.28,0.72,0.2544258561921541
497,24.85,2.883397897084554,0.28,0.72,0.2505101499541314
498,24.900000000000002,2.887465556462606,0.28,0.72,0.2394934791263377
499,24.950000000000003,2.833813190460205,0.28,0.72,0.2423750434992058
500,25.0,2.8187294006347656,0.28,0.72,0.22965740715445848
501,25.05,2.674724737803141,0.28,0.72,0.23074691604317146
502,25.1,2.627720912297567,0.28,0.72,0.21731553166540837
503,25.150000000000002,2.5664776961008706,0.28,0.72,0.20144295199600015
504,25.200000000000003,2.4865604241689048,0.28,0.72,0.17754003958508519
505,25.25,2.4430155754089355,0.28,0.72,0.1631433144693404
506,25.3,2.313255548477173,0.28,0.72,0.15815604253144194
507,25.35,2.285255273183187,0.28,0.72,0.15261376181759823
508,25.400000000000002,2.243468999862671,0.28,0.72,0.14325988467001927
509,25.450000000000003,2.2265748977661133,0.28,0.72,0.13452308631235682
510,25.5,2.107751448949178,0.28,0.72,0.14736655661300105
511,25.55,2.062101125717163,0.28,0.72,0.14718708691620716
512,25.6,2.0117434660593667,0.28,0.72,0.15690831777281472
513,25.650000000000002,1.9892568588256836,0.28,0.72,0.150453820650924
514,25.700000000000003,1.9768598874409993,0.28,0.72,0.1413868135872389
515,25.75,1.9638736248016357,0.28,0.72,0.13174397188497156
516,25.8,1.7829248110453289,0.28,0.72,0.11109075681025275
517,25.85,1.7583170731862385,0.28,0.72,0.10087680668664833
518,25.900000000000002,1.6445682843526204,0.28,0.72,0.09936485806155021
519,25.950000000000003,1.6176083087921143,0.28,0.72,0.1158339314389307
520,26.0,1.5934563477834065,0.28,0.72,0.11565710244176372
521,26.05,1.5770310560862224,0.28,0.72,0.1061869019106547
522,26.1,1.552439292271932,0.28,0.72,0.08355951811454182
523,26.150000000000002,1.5109211603800456,0.28,0.72,0.06600970249353459
524,26.200000000000003,1.5044618447621663,0.28,0.72,0.06701195499810889
525,26.25,1.440752426783244,0.28,0.72,0.08259957607394955
526,26.3,1.4344768524169922,0.28,0.72,0.08363230847318057
527,26.35,1.395177920659383,0.28,0.72,0.08918747356458026
528,26.400000000000002,1.3702057202657063,0.28,0.72,0.09088725484417423
529,26.450000000000003,1.3626030286153157,0.28,0.72,0.08898269825757224
530,26.5,1.3584441343943279,0.28,0.72,0.08812212212460066
531,26.55,1.3447357018788655,0.28,0.72,0.08423659457539279
532,26.6,1.3420666853586833,0.28,0.72,0.08221404581233391
533,26.650000000000002,1.3392840226491292,0.28,0.72,0.08083313377313757
534,26.700000000000003,1.311343828837077,0.28,0.72,0.08548254536305613
535,26.75,1.3097095886866252,0.28,0.72,0.08561223451319741
536,26.8,1.3091659148534138,0.28,0.72,0.08370897929899695
537,26.85,1.305160919825236,0.28,0.72,0.07909849505899297
538,26.900000000000002,1.3036125500996907,0.28,0.72,0.0850237190466892
539,26.950000000000003,1.3039690256118774,0.28,0.72,0.08881587802577781
540,27.0,1.3096168835957844,0.28,0.72,0.09598054377229129
541,27.05,1.3132508198420207,0.28,0.72,0.10326211449392211
542,27.1,1.3153653939565022,0.28,0.72,0.11768613650427415
543,27.150000000000002,1.3218502203623455,0.28,0.72,0.12687705041317013
544,27.200000000000003,1.3325951894124348,0.28,0.72,0.12318959210772926
545,27.25,1.3448395729064941,0.28,0.72,0.11367937913686246
546,27.3,1.3476932048797607,0.28,0.72,0.10718637501191174
547,27.35,1.374457319577535,0.28,0.72,0.09146621425873618
548,27.400000000000002,1.3996079762776692,0.28,0.72,0.08645097801171114
549,27.450000000000003,1.4826114177703857,0.28,0.72,0.15713180771955834
550,27.5,1.490895430246989,0.5612194585669368,0.4387805414330632,0.14862368189727404
551,27.55,1.6687832673390706,0.5414834652609521,0.45851653473904785,0.07187307773026756
552,27.6,1.6778629620869954,0.5382776955651853,0.46172230443481466,0.054176330244004756
553,27.650000000000002,1.6878304481506348,0.5391459903553077,0.46085400964469225,0.06940845097616548
554,27.700000000000003,1.6916455427805583,0.5398615868408347,0.46013841315916526,0.048810617596594046
555,27.75,1.702456792195638,0.5456950985155573,0.4543049014844427,0.035962878788017384
556,27.8,1.7366604804992676,0.5640405245441844,0.4359594754558156,0.06455021815991831
557,27.85,1.7689976692199707,0.5837628180473032,0.41623718195269677,0.12449339035911539
558,27.900000000000002,1.7667394479115803,0.5898227176614398,0.4101772823385602,0.09759392826974746
559,27.950000000000003,1.7636013825734456,0.5915549133669479,0.4084450866330521,0.07243364863563038
560,28.0,1.6915253003438313,0.5955924349947992,0.4044075650052008,0.06880294611790203
561,28.05,1.6797125339508057,0.5940636205082692,0.4059363794917308,0.044994667077778
562,28.1,1.573782205581665,0.5798701532967008,0.4201298467032992,0.05154342374869421
563,28.150000000000002,1.5014426708221436,0.5740076597762367,0.4259923402237633,0.07270223452556543
564,28.200000000000003,1.4884183406829834,0.5781687350157909,0.4218312649842091,0.05842100098937202
565,28.25,1.4695525964101155,0.5669912643627518,0.4330087356372482,0.06358714695113325
566,28.3,1.3864163557688396,0.5493792730323547,0.4506207269676453,0.11769249241429003
567,28.35,1.349503517150879,0.557777645551437,0.44222235444856295,0.06425645063839527
568,28.400000000000002,1.3417312304178874,0.5541205683689474,0.4458794316310526,0.04629771755030241
569,28.450000000000003,1.3364737033843994,0.5555521527276666,0.44444784727233344,0.03490389495746174
570,28.5,1.3369584878285725,0.5563062235721629,0.44369377642783714,0.03576812182195857
571,28.55,1.3382482131322224,0.5536694684543605,0.4463305315456395,0.041484062843788645
572,28.6,1.3545719782511394,0.5511393221366814,0.4488606778633186,0.09312298811707224
573,28.650000000000002,1.3622040351231892,0.534603034268037,0.465396965731963,0.0920233827430706
574,28.700000000000003,1.4060360590616863,0.5441801896091788,0.4558198103908212,0.12112504504616402
575,28.75,1.4127581119537354,0.5432774093968742,0.4567225906031258,0.09658492982323917
576,28.8,1.4572607676188152,0.5375269527525939,0.4624730472474061,0.09622404290977626
577,28.85,1.4683452447255452,0.5377568790733188,0.4622431209266812,0.0791532290616486
578,28.900000000000002,1.542664607365926,0.5428164212245277,0.45718357877547233,0.07815272724196162
579,28.950000000000003,1.5738945802052815,0.5473362527445176,0.4526637472554824,0.06273104173310247
580,29.0,1.583796739578247,0.5482854330954964,0.4517145669045036,0.0581066512020568
581,29.05,1.6040164629618328,0.5429921007598838,0.4570078992401162,0.062238610653438414
582,29.1,1.7168764273325603,0.5429369766345749,0.45706302336542515,0.0863191583630366
583,29.150000000000002,1.745186487833659,0.5376244275357386,0.4623755724642614,0.09417215841701601
584,29.200000000000003,1.7773480415344238,0.5368632888833446,0.46313671111665544,0.10153429951887365
585,29.25,1.8650489648183186,0.5333890010443125,0.4666109989556875,0.1269995638358735
586,29.3,2.0052736600240073,0.5401698749865242,0.45983012501347575,0.12184416215178655
587,29.35,2.1538657347361245,0.5470304618993235,0.4529695381006765,0.06175529154734059
588,29.400000000000002,2.3512001037597656,0.5515999062803763,0.44840009371962375,0.04341555618309615
589,29.450000000000003,2.4143203099568686,0.5520977097564691,0.4479022902435309,0.04594859335083942
590,29.5,2.435368220011393,0.5529508264159451,0.44704917358405494,0.042819216168756995
591,29.55,2.6837952931722007,0.5540508798724589,0.44594912012754107,0.041078739923737506
592,29.6,2.8488474686940513,0.5543985115718331,0.44560148842816694,0.054434043560353675
593,29.650000000000002,2.791118939717611,0.5585909769825902,0.4414090230174098,0.0987696262296311
594,29.700000000000003,2.7388471762339273,0.560947900115738,0.43905209988426197,0.05773760533341138
595,29.75,2.5971816380818686,0.5585594795288477,0.44144052047115234,0.06814987971732035
596,29.8,2.5249168078104653,0.5529496061312047,0.4470503938687953,0.04988575446948549
597,29.85,2.5165536403656006,0.55321276322146,0.44678723677854004,0.044102608255851355
598,29.900000000000002,2.4988683064778647,0.5519008938338261,0.4480991061661739,0.0383021575665547
599,29.950000000000003,2.4047372341156006,0.551379098100826,0.44862090189917403,0.029632833385289544
600,30.0,2.381838401158651,0.553128009156377,0.44687199084362295,0.02650432953224673
601,30.05,2.3208075364430747,0.5497674669157153,0.4502325330842847,0.028208119833435776
602,30.1,2.28818949063619,0.5471617482464387,0.4528382517535613,0.08905041468453348
603,30.150000000000002,2.2814244429270425,0.5446071058106098,0.4553928941893902,0.09322237794510041
604,30.200000000000003,2.2710513273874917,0.5418147383473224,0.4581852616526776,0.09631926996362378
605,30.25,2.2611307303110757,0.5413570090313734,0.4586429909686266,0.07927671617392845
606,30.3,2.257931709289551,0.5433648963066356,0.45663510369336435,0.06802523955649094
607,30.35,2.2465762297312417,0.5450955675749972,0.4549044324250028,0.04174133729126606
608,30.400000000000002,2.2416580518086753,0.5474757205822951,0.4525242794177049,0.03704400737406587
609,30.450000000000003,2.23475448290507,0.5450370813444336,0.4549629186555664,0.03888897409865624
610,30.5,2.1983542442321777,0.550387567532066,0.44961243246793403,0.10463954878689051
611,30.55,2.19390336672465,0.5466351845248517,0.4533648154751483,0.12923598805141498
612,30.6,2.21834667523702,0.5457783950764232,0.45422160492357677,0.1832724325819027
613,30.650000000000002,2.2295451164245605,0.5471787403545622,0.45282125964543785,0.14598797872462238
614,30.700000000000003,2.27256441116333,0.5465422067524089,0.45345779324759106,0.17049707680489085
615,30.75,2.2807961304982505,0.5483240094574726,0.4516759905425274,0.14383907905325083
616,30.8,2.3324337005615234,0.5461705389533612,0.4538294610466388,0.19222231117772134
617,30.85,2.4219253857930503,0.54377911912578,0.45622088087421997,0.25191104146840837
618,30.900000000000002,2.448450724283854,0.5435207706592841,0.45647922934071594,0.1981269112420043
619,30.950000000000003,2.542191505432129,0.5508203208266731,0.4491796791733269,0.18481363080116706
620,31.0,2.5572938124338784,0.5546104797464108,0.44538952025358924,0.18846001001946122
621,31.05,2.5412999788920083,0.5553125640048743,0.4446874359951257,0.16286259705767359
622,31.1,2.3803741137186685,0.5602691588767695,0.43973084112323046,0.24014050371387155
623,31.150000000000002,2.3172779083251953,0.5624163021303157,0.4375836978696843,0.21465473722563375
624,31.200000000000003,2.278195778528849,0.564192036304644,0.435807963695356,0.1823766104162442
625,31.25,2.233955462773641,0.5663729788867793,0.4336270211132207,0.15769216016641327
626,31.3,1.9612658023834229,0.5768945162930699,0.42310548370693013,0.30073030940926004
627,31.35,1.8957806428273518,0.5771452229063992,0.42285477709360075,0.2483450087873679
628,31.400000000000002,1.8635199864705403,0.5775361382815187,0.42246386171848127,0.18852613055033093
629,31.450000000000003,1.7427064577738445,0.5789887799379291,0.4210112200620709,0.191908710863855
630,31.5,1.6594231923421223,0.5797822808428135,0.42021771915718653,0.17166229328817195
631,31.55,1.633811632792155,0.579369800894418,0.42063019910558197,0.13302152700598838
632,31.6,1.6102430025736492,0.5787125321924161,0.42128746780758386,0.1100841165619585
633,31.650000000000002,1.527327060699463,0.5772693688610736,0.4227306311389264,0.14083745626394759
634,31.700000000000003,1.4292155901590984,0.5736285787413339,0.4263714212586661,0.20669239679745918
635,31.75,1.4102308750152588,0.5725974758928389,0.42740252410716106,0.15808610567135187
636,31.8,1.3427745501200359,0.5750013625741943,0.4249986374258057,0.251005755567509
637,31.85,1.337894042332967,0.5753545007867278,0.4246454992132722,0.17455133272944423
638,31.900000000000002,1.3358906904856365,0.5753388725507574,0.42466112744924256,0.12246401393818145
639,31.950000000000003,1.3214454253514607,0.5762399551413417,0.42376004485865826,0.18202644532966872
640,32.0,1.3151074250539143,0.5714646418768006,0.42853535812319943,0.2081946594903588
641,32.050000000000004,1.3325644334157307,0.5762193592329685,0.4237806407670315,0.33715634943466205
642,32.1,1.3338096936543782,0.5765273688494879,0.42347263115051215,0.20217621015485743
643,32.15,1.3351527849833171,0.5766333753625322,0.42336662463746777,0.13112135834036576
644,32.2,1.3486329714457195,0.5800155580464907,0.41998444195350926,0.15420162208043112
645,32.25,1.3495062987009685,0.5801584147458982,0.41984158525410176,0.10475514374285638
646,32.300000000000004,1.3675963083902996,0.5769383118271293,0.4230616881728707,0.19286535338811236
647,32.35,1.3737746874491374,0.5780080731816464,0.4219919268183536,0.14991183854050857
648,32.4,1.3829858700434368,0.5793907652677057,0.4206092347322943,0.1210437622449496
649,32.45,1.3852361838022869,0.5783584613983553,0.42164153860164466,0.09382175864816263
650,32.5,1.3875327110290527,0.5787218798595779,0.4212781201404221,0.07262927296789132
651,32.550000000000004,1.3896148999532063,0.5810829173044013,0.4189170826955987,0.06333191821841852
652,32.6,1.390081803003947,0.5810871602426373,0.4189128397573627,0.05965286401733772
653,32.65,1.3911432822545369,0.5775343964263309,0.42246560357366914,0.05858693266679776
654,32.7,1.3919324080149333,0.5776628472269987,0.4223371527730013,0.056596482080490916
655,32.75,1.392652988433838,0.5783193397121503,0.4216806602878497,0.0580378639738215
656,32.800000000000004,1.3927534023920696,0.5781127798231878,0.42188722017681224,0.05761264720499901
657,32.85,1.3935439984003704,0.5751559454941095,0.42484405450589047,0.0567510395736
658,32.9,1.3937622706095378,0.5751149534059459,0.4248850465940541,0.05651072484893889
659,32.95,1.3932109673817952,0.5730454004582224,0.4269545995417776,0.0612415134577892
660,33.0,1.3933947881062825,0.57223798133532,0.42776201866468,0.0603782972759473
661,33.050000000000004,1.3909893035888672,0.5659171937936053,0.4340828062063947,0.07256288991386733
662,33.1,1.3922677834828694,0.5623859929406753,0.43761400705932474,0.08615790053874858
663,33.15,1.393526275952657,0.561380939231539,0.438619060768461,0.0778556795212345
664,33.2,1.3940871159235637,0.5577255289517047,0.4422744710482953,0.07244885362887966
665,33.25,1.394257624944051,0.5573477738522423,0.4426522261477577,0.07064069923559903
666,33.300000000000004,1.3940742015838623,0.5606165264082595,0.43938347359174046,0.07103690353021166
667,33.35,1.397244930267334,0.5566457447174956,0.4433542552825044,0.06984723073329273
668,33.4,1.3962833086649578,0.5605036216610676,0.4394963783389324,0.07115390581917798
669,33.45,1.3994004726409912,0.5638816707349635,0.43611832926503646,0.09987483406681005
670,33.5,1.4044134616851807,0.5603792444420369,0.4396207555579631,0.10003619646126738
671,33.550000000000004,1.4054277737935383,0.5608099211288047,0.4391900788711953,0.08379655751789142
672,33.6,1.4067049026489258,0.562562197840044,0.437437802159956,0.08845848277591983
673,33.65,1.4023291269938152,0.5616670963950677,0.43833290360493227,0.1407624870666136
674,33.7,1.4005280335744221,0.5641465533154175,0.4358534466845825,0.13456857060590804
675,33.75,1.4023880163828533,0.5603338941773812,0.4396661058226188,0.1747186145249491
676,33.800000000000004,1.4039971828460693,0.5615321528297796,0.43846784717022036,0.1377983448371655
677,33.85,1.4047396183013916,0.5619439596564353,0.4380560403435647,0.10634003366721866
678,33.9,1.4177299340565999,0.5546300635566802,0.4453699364433198,0.38891525023983775
679,33.95,1.420108715693156,0.556651267866542,0.44334873213345805,0.26926844750782325
680,34.0,1.4308784008026123,0.5549161346915256,0.44508386530847444,0.22830512545300027
681,34.050000000000004,1.437309980392456,0.5532067391639901,0.4467932608360099,0.17695054768553511
682,34.1,1.4949050744374592,0.557795122155763,0.442204877844237,0.29494660483575563
683,34.15,1.5364646911621094,0.5575645725526088,0.44243542744739117,0.25884347581655043
684,34.2,1.6033851305643718,0.5582098366128309,0.44179016338716914,0.23716884933724233
685,34.25,1.6560628414154053,0.5583044982182922,0.4416955017817078,0.20209209957800894
686,34.300000000000004,1.7530882358551025,0.557765818595097,0.442234181404903,0.2053739551313442
687,34.35,1.8088018894195557,0.5563982027164917,0.44360179728350835,0.17915539502325015
688,34.4,1.8495714664459229,0.5554693861594223,0.4445306138405777,0.15102701458631157
689,34.45,1.9737295309702556,0.5589082582416438,0.4410917417583562,0.17180575266501352
690,34.5,2.1309436162312827,0.5637072223914315,0.43629277760856855,0.2424179674162899
691,34.550000000000004,2.16347599029541,0.5636407002535827,0.4363592997464173,0.19598212433012147
692,34.6,2.1805951595306396,0.5641727688357658,0.43582723116423416,0.15643307793117425
693,34.65,2.3603095213572183,0.5669120901528745,0.43308790984712553,0.23268272857053518
694,34.7,2.5139923890431723,0.5686619665829439,0.4313380334170561,0.2479723868192708
695,34.75,2.5600338776906333,0.5695458061500211,0.43045419384997885,0.2243736603053282
696,34.800000000000004,2.5697513421376548,0.5696535122290902,0.4303464877709098,0.1757178353270648
697,34.85,2.5301546255747476,0.5706423988332952,0.42935760116670485,0.1708605286447712
698,34.9,2.5172712008158364,0.5707648025668451,0.42923519743315486,0.1342395779714492
699,34.95,2.414931535720825,0.57071459191005,0.42928540808994997,0.1690582381737613
700,35.0,2.359048843383789,0.5653527962338634,0.43464720376613664,0.15831413660505092
701,35.050000000000004,2.3389178117116294,0.5660334034278628,0.4339665965721372,0.1353136140051888
702,35.1,2.3115325768788657,0.5623889420828251,0.4376110579171749,0.13108752667474174
703,35.15,2.218536059061686,0.5516541364608162,0.4483458635391838,0.22458157161571873
704,35.2,2.21615203221639,0.5503705380765098,0.4496294619234902,0.1681937897140149
705,35.25,2.2137842973073325,0.5444496815905586,0.4555503184094414,0.13023789269146724
706,35.300000000000004,2.198793967564901,0.5431968641771445,0.4568031358228555,0.1580441412709877
707,35.35,2.2015790939331055,0.5333102888045641,0.4666897111954359,0.16928651462537275
708,35.4,2.220989147822062,0.5235356935541406,0.47646430644585935,0.21115033391514376
709,35.45,2.226442734400431,0.5251245138233118,0.4748754861766882,0.16051798746741336
710,35.5,2.2354824542999268,0.5254893956315584,0.4745106043684416,0.1160205253829237
711,35.550000000000004,2.268610954284668,0.5328650597670586,0.46713494023294144,0.10655574100304453
712,35.6,2.3016406695048013,0.5357901180703332,0.46420988192966683,0.14051842460604028
713,35.65,2.3148013750712075,0.5393667384189221,0.46063326158107787,0.10697393358214384
714,35.7,2.323406219482422,0.5385232399518046,0.4614767600481954,0.08356644898496454
715,35.75,2.3285946051279702,0.5383685219821865,0.46163147801781346,0.0725130306426123
716,35.800000000000004,2.3448620637257895,0.5380368508648429,0.4619631491351571,0.06620796999705379
717,35.85,2.4008847077687583,0.5423494135677671,0.4576505864322329,0.07087860367236236
718,35.9,2.510260264078776,0.5478796344956716,0.45212036550432844,0.06385368766532312
719,35.95,2.5280930201212564,0.5488470529728771,0.45115294702712294,0.07250662901292425
720,36.0,2.5704702536265054,0.5510002530392452,0.44899974696075484,0.10918795268301272
721,36.050000000000004,2.5794939200083413,0.5512328077732026,0.4487671922267974,0.09325170610696679
722,36.1,2.6281307538350425,0.5507384286570254,0.4492615713429746,0.08023127791698888
723,36.15,2.6385170618693032,0.5501311896623646,0.44986881033763537,0.0661788453293279
724,36.2,2.6487415631612143,0.5513871513542773,0.4486128486457227,0.055907746128631926
725,36.25,2.6590735912323,0.5554430198632165,0.44455698013678346,0.04837411046176431
726,36.300000000000004,2.71907114982605,0.5600063686862838,0.43999363131371616,0.0418612772208877
727,36.35,2.778876701990763,0.5591718165181037,0.44082818348189634,0.04665271901947951
728,36.4,2.529534339904785,0.55267497264737,0.44732502735263,0.0708007486153456
729,36.45,2.3575326601664224,0.5515738586309207,0.4484261413690793,0.09082505848018883
730,36.5,2.2717915376027427,0.5556046137407731,0.4443953862592269,0.08892493194920117
731,36.550000000000004,2.250593821207682,0.5555458972743399,0.4444541027256601,0.07895881189354699
732,36.6,2.167991876602173,0.5551975685044042,0.44480243149559584,0.07409418330415275
733,36.65,2.025913715362549,0.5580673664414368,0.44193263355856316,0.06273419745702534
734,36.7,1.9106589158376057,0.5572723942653413,0.44272760573465875,0.056440384356065146
735,36.75,1.8817778428395588,0.5588108307054309,0.4411891692945691,0.048750498962477844
736,36.800000000000004,1.716747760772705,0.5585407398260419,0.4414592601739581,0.09485622338655324
737,36.85,1.6878592173258464,0.5585532033469331,0.44144679665306685,0.08964201402905309
738,36.9,1.6427029768625896,0.5564150855249679,0.4435849144750321,0.11491223443712406
739,36.95,1.614248514175415,0.5527739328781318,0.4472260671218682,0.12046545516940552
740,37.0,1.5805657704671223,0.550754441317231,0.44924555868276905,0.12252020714411517
741,37.050000000000004,1.5029706160227458,0.5565307020775677,0.4434692979224323,0.08941521768897484
742,37.1,1.4565993150075276,0.555267432844735,0.444732567155265,0.057082723205518306
743,37.15,1.3841341733932495,0.5593202602988075,0.44067973970119245,0.07073893567011211
744,37.2,1.3609488407770793,0.5531585233869933,0.44684147661300666,0.07471667350940273
745,37.25,1.3544862667719524,0.5535295804818937,0.4464704195181063,0.0666868971657875
746,37.300000000000004,1.3005728721618652,0.5550670470712383,0.44493295292876167,0.06206076250824241
747,37.35,1.272100806236267,0.555487019010112,0.444512980989888,0.06647081277760633
748,37.4,1.280381202697754,0.5649249750485069,0.4350750249514931,0.04065778012979208
749,37.45,1.2825377782185872,0.561406876981378,0.43859312301862197,0.03982952371209833
750,37.5,1.2987093528111775,0.5691127836525254,0.4308872163474746,0.05444681774653353
751,37.550000000000004,1.3121973673502605,0.5686953980317352,0.4313046019682648,0.07091071293261524
752,37.6,1.316039760907491,0.5639792130534999,0.43602078694650015,0.05965022715788612
753,37.65,1.3207083940505981,0.5652456338945279,0.43475436610547213,0.052782946274738
754,37.7,1.3646949927012126,0.5737444928566356,0.42625550714336435,0.06274037816460061
755,37.75,1.3866798877716064,0.5722769177359842,0.4277230822640158,0.06949072387008831
756,37.800000000000004,1.3938111464182537,0.5758116778351137,0.42418832216488633,0.05759595686887704
757,37.85,1.4460169474283855,0.5744687593508608,0.42553124064913916,0.05145019974146276
758,37.9,1.490803321202596,0.5709724954578136,0.4290275045421864,0.04006984735410541
759,37.95,1.50149671236674,0.5712019435726678,0.42879805642733215,0.04017173927490321
760,38.0,1.5594958464304607,0.5715180118784919,0.42848198812150806,0.033787407853027085
761,38.050000000000004,1.5845733483632405,0.572356574418556,0.42764342558144397,0.03416718590288358
762,38.1,1.7144267559051514,0.5715134806969169,0.4284865193030831,0.04192233520080588
763,38.15,1.7853546142578125,0.5708978580281143,0.4291021419718857,0.03982536040549294
764,38.2,2.071242332458496,0.5786442700556108,0.4213557299443892,0.03983159295363831
765,38.25,2.088966449101766,0.5795470205791349,0.4204529794208651,0.03384315859101906
766,38.300000000000004,2.1921172936757407,0.5865358799344681,0.4134641200655319,0.047566174182168214
767,38.35,2.384103298187256,0.5831639806315081,0.4168360193684919,0.035464945988117634
768,38.400000000000006,2.3991108735402427,0.5827362324469908,0.4172637675530092,0.03481950827380413
769,38.45,2.4141927560170493,0.5821263661459275,0.4178736338540725,0.03571024918461834
770,38.5,2.4593494733174643,0.5829974066289378,0.41700259337106216,0.03667220475418152
771,38.550000000000004,2.487042268117269,0.581741658464966,0.41825834153503405,0.03847286118803623
772,38.6,2.5492146015167236,0.574034458186672,0.425965541813328,0.029199084409354353
773,38.650000000000006,2.5739709536234536,0.5807223404579552,0.41927765954204477,0.027969698709137184
774,38.7,2.5984439849853516,0.583154592399226,0.41684540760077404,0.03310238559423427
775,38.75,2.614079236984253,0.579872585532902,0.420127414467098,0.02651551985741457
776,38.800000000000004,2.5481250286102295,0.5850029316453795,0.41499706835462047,0.043280147719864284
777,38.85,2.491282065709432,0.5889705901273502,0.4110294098726498,0.060848187099638004
778,38.900000000000006,2.459009885787964,0.5894545958534022,0.4105454041465978,0.036791099485181014
779,38.95,2.441047430038452,0.5875181453389062,0.41248185466109377,0.019007923674404206
780,39.0,2.421274026234945,0.5837331787674715,0.41626682123252845,0.03877432250137551
781,39.050000000000004,2.406071424484253,0.5836440175907447,0.4163559824092553,0.06572110604440516
782,39.1,2.392226775487264,0.5780228067545594,0.4219771932454406,0.07566152139606541
783,39.150000000000006,2.366637706756592,0.5718922324680613,0.4281077675319387,0.09345498927235907
784,39.2,2.3016058603922525,0.5711320762317216,0.4288679237682784,0.08250885704324867
785,39.25,2.2859679063161216,0.5611705085933548,0.4388294914066452,0.1424916808866942
786,39.300000000000004,2.282463550567627,0.5563579848799227,0.4436420151200773,0.14680766827215455
787,39.35,2.288088242212931,0.5497550634105043,0.4502449365894957,0.14804793698566165
788,39.400000000000006,2.304169178009033,0.5493120525605677,0.4506879474394323,0.1533433674090339
789,39.45,2.3160852591196694,0.5520177741201246,0.44798222587987535,0.1284462451460583
790,39.5,2.3278684616088867,0.5495595501798224,0.4504404498201776,0.10150177501557767
791,39.550000000000004,2.331520160039266,0.5514279056819491,0.4485720943180509,0.07657670786109094
792,39.6,2.3405149777730307,0.5494712416788812,0.4505287583211188,0.043550673868805935
793,39.650000000000006,2.341702620188395,0.5488668000635865,0.45113319993641354,0.047165433872272275
794,39.7,2.3622496128082275,0.5473401229353,0.4526598770647,0.04366071396088531
795,39.75,2.3740357557932534,0.5479979454976812,0.4520020545023188,0.05745613567261771
796,39.800000000000004,2.397570530573527,0.5450430183231534,0.4549569816768466,0.07518875966742218
797,39.85,2.406972964604696,0.5458897359620074,0.4541102640379926,0.07575805392127627
798,39.900000000000006,2.422372023264567,0.5469656974922189,0.4530343025077811,0.07750534192847942
799,39.95,2.571237325668335,0.5561685210215377,0.4438314789784623,0.079740722839339
800,40.0,2.602786382039388,0.560477349532372,0.43952265046762795,0.07224073356049764
801,40.050000000000004,2.608281373977661,0.5567434299936065,0.4432565700063935,0.06682258234824144
802,40.1,2.6139164765675864,0.5574861868016411,0.4425138131983589,0.06241994741002772
803,40.150000000000006,2.6206320921579995,0.5559600539314034,0.44403994606859665,0.05755830519802727
804,40.2,2.6415565808614097,0.560809633511782,0.43919036648821796,0.05507031830080516
805,40.25,2.76092791557312,0.5599139713584531,0.4400860286415469,0.04366141643520532
806,40.300000000000004,2.7974720001220703,0.5616554369626244,0.43834456303737557,0.04308393783675338
807,40.35,2.8441510995229087,0.5653030042641023,0.4346969957358977,0.0375217882782741
808,40.400000000000006,2.874082326889038,0.5656599948875658,0.4343400051124342,0.035209625428600885
809,40.45,2.89591908454895,0.5679995246501602,0.43200047534983976,0.03645082197326167
810,40.5,2.815686066945394,0.5670034048208623,0.4329965951791377,0.06446819449152573
811,40.550000000000004,2.7355520725250244,0.5735919885459426,0.4264080114540574,0.050981051696585185
812,40.6,2.6593919595082602,0.5723910364581402,0.42760896354185984,0.055598809606281024
813,40.650000000000006,2.6341368357340493,0.5686426460969055,0.4313573539030945,0.058580080987445535
814,40.7,2.5846168994903564,0.5693638410712935,0.43063615892870655,0.08108179029372704
815,40.75,2.5300331115722656,0.5618651900413874,0.43813480995861265,0.10105245642946234
816,40.800000000000004,2.4862419764200845,0.5643979673941342,0.43560203260586583,0.11795786886984644
817,40.85,2.4790568351745605,0.5643817669815407,0.43561823301845926,0.10245780981469373
818,40.900000000000006,2.4725324312845864,0.5589194080690452,0.44108059193095484,0.09094922186205252
819,40.95,2.434261163075765,0.5589792258096627,0.44102077419033725,0.1444399722212269
820,41.0,2.425495147705078,0.5602416659216531,0.43975833407834686,0.12492938601095248
821,41.050000000000004,2.3951667149861655,0.5603337838889985,0.43966621611100154,0.1277232809603783
822,41.1,2.3900997638702393,0.560779453082512,0.439220546917488,0.10373740714458665
823,41.150000000000006,2.3357859452565513,0.5575629455316791,0.44243705446832093,0.14057907930734856
824,41.2,2.331915299097697,0.5544906114061718,0.44550938859382816,0.11481582348632896
825,41.25,2.3333258628845215,0.5572096638969146,0.4427903361030854,0.10209575193568539
826,41.300000000000004,2.3342998027801514,0.5623462536675093,0.43765374633249066,0.08664449881576039
827,41.35,2.3351285457611084,0.5609430202015621,0.43905697979843794,0.08258985306586701
828,41.400000000000006,2.338768800099691,0.5587359618969822,0.44126403810301784,0.12140605580474169
829,41.45,2.355985085169474,0.5568031080546417,0.4431968919453583,0.15703587227504506
830,41.5,2.3657224973042807,0.5568319465984228,0.44316805340157717,0.14134196427788248
831,41.550000000000004,2.3713647524515786,0.557172753488262,0.442827246511738,0.11884438001745895
832,41.6,2.396775484085083,0.5564668178877924,0.4435331821122076,0.15291580653626044
833,41.650000000000006,2.433255672454834,0.5491592493866503,0.4508407506133497,0.258321666047111
834,41.7,2.435841957728068,0.5483442955147831,0.45165570448521686,0.20047032478694607
835,41.75,2.4484421412150064,0.5458593373054158,0.4541406626945842,0.18698693479924144
836,41.800000000000004,2.454732815424601,0.5439887111054034,0.45601128889459663,0.15560057144309417
837,41.85,2.462695916493734,0.54387293101273,0.45612706898726996,0.13476536108326248
838,41.900000000000006,2.5456913312276206,0.5405765955349625,0.4594234044650375,0.2959569465128936
839,41.95,2.5840259393056235,0.5381156336423533,0.46188436635764674,0.36600872880919394
840,42.0,2.5853799184163413,0.5345537899332602,0.4654462100667398,0.29969327137477403
841,42.050000000000004,2.5921149253845215,0.5342676246601733,0.4657323753398267,0.3049426184757056
842,42.1,2.596964120864868,0.5361363856107763,0.46386361438922374,0.29310329918335976
843,42.150000000000006,2.593566417694092,0.5311638404580874,0.4688361595419126,0.34648656321086857
844,42.2,2.5944554805755615,0.5308894538329265,0.4691105461670735,0.3285948905525245
845,42.25,2.5924154122670493,0.5280728472909328,0.47192715270906715,0.270998826290593
846,42.300000000000004,2.5917836825052896,0.5265652262253904,0.47343477377460963,0.23272214420875473
847,42.35,2.589527448018392,0.5294705047748365,0.4705294952251635,0.23094622160294664
848,42.400000000000006,2.580292304356893,0.5301200440234939,0.4698799559765061,0.22183659471757058
849,42.45,2.5399067401885986,0.5304706768737222,0.4695293231262778,0.23712557551260088
850,42.5,2.5183023611704507,0.5310796557921061,0.46892034420789386,0.2419369627943106
851,42.550000000000004,2.5140241781870523,0.5308144527185856,0.4691855472814144,0.19123280832097786
852,42.6,2.501832882563273,0.5298589950199595,0.4701410049800405,0.17920871544731215
853,42.650000000000006,2.4766112168629966,0.5316605555191783,0.46833944448082165,0.21105319110018492
854,42.7,2.4672958850860596,0.5326992266914008,0.4673007733085992,0.18053030103587353
855,42.75,2.462364991505941,0.5323598393853574,0.46764016061464264,0.14423353821574128
856,42.800000000000004,2.457153081893921,0.5327211349958741,0.46727886500412585,0.11936695129333133
857,42.85,2.4279937744140625,0.5342658746640302,0.4657341253359698,0.13398474505960878
858,42.900000000000006,2.3989946842193604,0.5322373693641524,0.46776263063584755,0.1294401802588206
859,42.95,2.3649253050486245,0.5257315580605976,0.47426844193940243,0.14116406440549462
860,43.0,2.341378927230835,0.5273724882106801,0.47262751178931994,0.16381912661727738
861,43.050000000000004,2.320288817087809,0.5292795938172936,0.4707204061827064,0.14198857693975783
862,43.1,2.3125060399373374,0.5299220070247349,0.4700779929752651,0.1144261489184902
863,43.150000000000006,2.2956936359405518,0.5308405735525756,0.46915942644742437,0.09874777980095681
864,43.2,2.2030982176462808,0.527151539148416,0.47284846085158405,0.11315906848182869
865,43.25,2.1836284001668296,0.5276021373176202,0.4723978626823798,0.11017910385909443
866,43.300000000000004,2.0531352361043296,0.5368398412902757,0.46316015870972427,0.13636917774663693
867,43.35,2.0294289588928223,0.5408757249892021,0.4591242750107979,0.11187402379111004
868,43.400000000000006,2.0220115184783936,0.5384756345764725,0.4615243654235275,0.081767732992896
869,43.45,1.9163741270701091,0.5471995807030449,0.45280041929695514,0.07241141321857122
870,43.5,1.8728954792022705,0.5472799416276337,0.4527200583723663,0.04613580409768347
871,43.550000000000004,1.8393306732177734,0.5449186081385871,0.45508139186141294,0.0463809669907218
872,43.6,1.7278023560841878,0.5412151905173126,0.4587848094826874,0.07997712324208145
873,43.650000000000006,1.718073050181071,0.5406952017329256,0.4593047982670744,0.07434776833208138
874,43.7,1.6821171442667644,0.540920213093047,0.45907978690695295,0.07501360574179428
875,43.75,1.6322511037190754,0.5417634318822627,0.4582365681177373,0.07655483237545245
876,43.800000000000004,1.6238977114359539,0.5410737948153981,0.4589262051846019,0.07157020937449544
877,43.85,1.616005500157674,0.536858497379392,0.46314150262060805,0.06804213735742493
878,43.900000000000006,1.559695800145467,0.5395423664985901,0.4604576335014099,0.0712491842576223
879,43.95,1.536549965540568,0.5363351403695924,0.4636648596304076,0.06264800117241416
880,44.0,1.4962153434753418,0.535185375332135,0.46481462466786505,0.058807762988063235
881,44.050000000000004,1.4254464308420818,0.536372799603049,0.46362720039695104,0.07503838424926516
882,44.1,1.3781979084014893,0.5391530826346383,0.46084691736536165,0.08647618826169975
883,44.150000000000006,1.3632620573043823,0.5449767047958973,0.4550232952041027,0.06648168551737665
884,44.2,1.359378973642985,0.543679454571529,0.456320545428471,0.06466506635471629
885,44.25,1.3591651916503906,0.5432513546328015,0.4567486453671985,0.06034944666072827
886,44.300000000000004,1.360867182413737,0.54408728035749,0.45591271964251,0.06301376275019975
887,44.35,1.3615200916926067,0.544340655659294,0.455659344340706,0.0644180390630059
888,44.400000000000006,1.3706233501434326,0.5447719198194586,0.4552280801805414,0.07354379533152457
889,44.45,1.3848466873168945,0.5433066288546852,0.45669337114531483,0.09206015482497831
890,44.5,1.388655145963033,0.5437625188973397,0.45623748110266027,0.08142302584876067
891,44.550000000000004,1.39229416847229,0.5441331703427594,0.45586682965724057,0.077235842615669
892,44.6,1.3959941864013672,0.5452222631613342,0.45477773683866585,0.07831152886712825
893,44.650000000000006,1.4048991998036702,0.5495681068269126,0.4504318931730874,0.0849162367010153
894,44.7,1.4166793028513591,0.5489836593224797,0.4510163406775203,0.08436365579384737
895,44.75,1.4293288389841716,0.5520880179211277,0.4479119820788723,0.07851104549428192
896,44.800000000000004,1.4529260794321697,0.5573868980571381,0.44261310194286185,0.08396194172826454
897,44.85,1.4572709401448567,0.555888076018718,0.44411192398128196,0.07730942098917308
898,44.900000000000006,1.4761241277058919,0.5623250592707777,0.4376749407292223,0.07059599362073724
899,44.95,1.4798683325449626,0.5665235151594317,0.43347648484056833,0.06083315809702168
900,45.0,1.4889440536499023,0.5660124755263949,0.4339875244736051,0.056882407653286365
901,45.050000000000004,1.4939312140146892,0.5693577736910262,0.43064222630897375,0.04925703334686913
902,45.1,1.506693919499715,0.5686238457794276,0.4313761542205724,0.0516862675391441
903,45.150000000000006,1.5340270201365154,0.5644846691900911,0.4355153308099089,0.11475536289464562
904,45.2,1.5531585216522217,0.5559196690340777,0.44408033096592225,0.13730905070453836
905,45.25,1.5477555592854817,0.559685405115729,0.44031459488427105,0.09346736479218175
906,45.300000000000004,1.512581507364909,0.5869673993859178,0.4130326006140822,0.12127777212445487
907,45.35,1.5049681663513184,0.5869482231650115,0.4130517768349885,0.09995403656919224
908,45.400000000000006,1.490648667017619,0.5907631364388775,0.40923686356112254,0.0935093126818022
909,45.45,1.4661624431610107,0.5905384209912576,0.40946157900874236,0.07628116733307287
910,45.5,1.43593430519104,0.589870582818982,0.41012941718101803,0.05030061513395163
911,45.550000000000004,1.4203871885935466,0.5884610341399316,0.41153896586006844,0.0448711932727383
912,45.6,1.3967724641164143,0.5863541636971824,0.4136458363028176,0.05323649500411159
913,45.650000000000006,1.3890687227249146,0.5860512886003353,0.4139487113996647,0.05522934959431462
914,45.7,1.3858814239501953,0.585296455727415,0.41470354427258505,0.05263125662407639
915,45.75,1.3827818234761555,0.5868610535588527,0.41313894644114735,0.05148411531925809
916,45.800000000000004,1.367108662923177,0.5838711397289523,0.4161288602710477,0.08183942816442634
917,45.85,1.3655807574590046,0.5827162753103867,0.4172837246896133,0.06185841141948374
918,45.900000000000006,1.3654690186182659,0.5818018808336739,0.4181981191663261,0.05162235772625012
919,45.95,1.3667980829874675,0.5792233746819201,0.4207766253180799,0.0825698662675481
920,46.0,1.3768239418665569,0.5791967446825714,0.42080325531742857,0.10480755308528177
921,46.050000000000004,1.3856577078501384,0.5791411104181103,0.42085888958188966,0.08267593221449887
922,46.1,1.394589900970459,0.5823844571249724,0.41761554287502756,0.06382069480942416
923,46.150000000000006,1.3976102272669475,0.5807206446337265,0.4192793553662735,0.05529213468308186
924,46.2,1.4009184837341309,0.5855087869992931,0.4144912130007069,0.05118965288120843
925,46.25,1.4173710346221924,0.5721953561936033,0.4278046438063967,0.06305270216216585
926,46.300000000000004,1.4233412742614746,0.5670551358550505,0.4329448641449495,0.05553885605855832
927,46.35,1.501088539759318,0.5667856578111551,0.4332143421888449,0.057430293360552276
928,46.400000000000006,1.5648120244344075,0.5730196640217321,0.4269803359782679,0.06310647282485314
929,46.45,1.596623182296753,0.5720267524377912,0.4279732475622088,0.06202230800762511
930,46.5,1.7583205699920654,0.5675166701988389,0.4324833298011611,0.07758027323899808
931,46.550000000000004,1.8787566026051838,0.5522165387703712,0.44778346122962875,0.09531054861876295
932,46.6,1.8974072138468425,0.5508112885907857,0.44918871140921435,0.07659471717120397
933,46.650000000000006,1.9562842051188152,0.5493065288124914,0.4506934711875086,0.07532908679543368
934,46.7,1.9768033822377522,0.5492930696197912,0.4507069303802088,0.06707079289574196
935,46.75,2.1240803400675454,0.5537711433326172,0.44622885666738277,0.08893198617357544
936,46.800000000000004,2.300554354985555,0.5547722324493696,0.4452277675506304,0.1116437010716475
937,46.85,2.4318251609802246,0.5611314142055017,0.4388685857944983,0.10258232928813564
938,46.900000000000006,2.6552367210388184,0.5649194570912673,0.43508054290873266,0.07540710176172521
939,46.95,2.739516337712606,0.5567127678588772,0.44328723214112276,0.037886544129331144
940,47.0,2.7833474477132163,0.5640930636136742,0.4359069363863258,0.03667770637328105
941,47.050000000000004,2.928988297780355,0.5512149626586502,0.4487850373413498,0.08348575252063423
942,47.1,2.95717453956604,0.5495627277446896,0.4504372722553104,0.0840407921381607
943,47.150000000000006,3.0406264464060464,0.5462698231386731,0.4537301768613269,0.10137580448731623
944,47.2,3.2735419273376465,0.5411939391879087,0.4588060608120913,0.11917607639495041
945,47.25,3.114922364552816,0.5558561743669399,0.4441438256330601,0.02290665134330686
946,47.300000000000004,2.808317184448242,0.5575009721258545,0.4424990278741455,0.026456324665930925
947,47.35,2.763737440109253,0.551047096936574,0.44895290306342595,0.04582645060898219
948,47.400000000000006,2.749482790629069,0.550458459563307,0.44954154043669303,0.048957630105913454
949,47.45,2.5201746622721353,0.5600933624614695,0.43990663753853054,0.09730376008589092
950,47.5,2.497460683186849,0.5595649963037556,0.44043500369624444,0.09027190198437487
951,47.550000000000004,2.3809613386789956,0.5548177298604853,0.4451822701395147,0.19269455174441966
952,47.6,2.3731598059336343,0.547745183678963,0.45225481632103703,0.16351038384531946
953,47.650000000000006,2.3576200008392334,0.5471850699839742,0.4528149300160258,0.15187714261152202
954,47.7,2.3504011631011963,0.5506527337262601,0.4493472662737399,0.13335642247894544
955,47.75,2.315502166748047,0.5434269675248995,0.4565730324751005,0.16920107603407486
956,47.800000000000004,2.2792800267537436,0.544161904717876,0.45583809528212405,0.20514285684792463
957,47.85,2.2637271881103516,0.5441024719321852,0.4558975280678148,0.19468748346509213
958,47.900000000000006,2.2543512185414634,0.5377592750496301,0.46224072495036994,0.17307197482945264
959,47.95,2.250150998433431,0.5417684374302449,0.45823156256975506,0.1482594002031824
960,48.0,2.2464102109273276,0.5422486331336237,0.4577513668663763,0.12913777912849284
961,48.050000000000004,2.242452303568522,0.5426401800245403,0.4573598199754597,0.11480516999335984
962,48.1,2.2387325763702393,0.5389448410397363,0.4610551589602637,0.10501819763080956
963,48.150000000000006,2.2226980527242026,0.5442991817126,0.45570081828739994,0.1316843246041547
964,48.2,2.207728385925293,0.542802429309179,0.457197570690821,0.15530317095235818
965,48.25,2.1967249711354575,0.5433856709319447,0.4566143290680553,0.19150856008062436
966,48.300000000000004,2.194477081298828,0.5438430874982149,0.45615691250178514,0.16484797083293257
967,48.35,2.192044814427694,0.5419009338388205,0.45809906616117946,0.14664720058068526
968,48.400000000000006,2.18553892771403,0.5387503733003777,0.46124962669962233,0.16698900072772097
969,48.45,2.185296376546224,0.5393167932326606,0.4606832067673394,0.14951395304679582
970,48.5,2.179516553878784,0.5383186444404073,0.46168135555959267,0.2692975572424282
971,48.550000000000004,2.1783939202626548,0.5382642883913945,0.4617357116086055,0.23442346768836744
972,48.6,2.176931142807007,0.533443645023868,0.466556354976132,0.23788014447126518
973,48.650000000000006,2.1757851441701255,0.5368887078584745,0.46311129214152547,0.23079736153790034
974,48.7,2.1763130029042563,0.5327190981909902,0.46728090180900983,0.19963454399545696
975,48.75,2.1784540017445884,0.5348312391366631,0.4651687608633369,0.19324866436172267
976,48.800000000000004,2.190854628880819,0.5368858495838766,0.46311415041612336,0.35044804420556763
977,48.85,2.2019673188527427,0.5386051598397322,0.46139484016026777,0.3711450611301346
978,48.900000000000006,2.2032554149627686,0.5395530472373867,0.46044695276261327,0.28097085206557154
979,48.95,2.209676822026571,0.5392922471113936,0.46070775288860644,0.26323076050183386
980,49.0,2.2162232398986816,0.5393432071122201,0.46065679288777994,0.235314964388186
981,49.050000000000004,2.217728932698568,0.5412571531849883,0.45874284681501165,0.18272447535786485
982,49.1,2.2247444788614907,0.5359458884121587,0.46405411158784127,0.14911159606225316
983,49.150000000000006,2.228682041168213,0.5339713248849155,0.4660286751150845,0.1294671219223483
984,49.2,2.229855457941691,0.5327587623878611,0.46724123761213887,0.1704820812846968
985,49.25,2.2296746571858725,0.5334339802326049,0.4665660197673951,0.14291790059412224
986,49.300000000000004,2.22869602839152,0.5363719163763317,0.46362808362366825,0.1807919654576552
987,49.35,2.237375100453695,0.5389151446847026,0.4610848553152974,0.20072158783554248
988,49.400000000000006,2.2400312423706055,0.5393487566533337,0.4606512433466663,0.15611142312241172
989,49.45,2.2643514474232993,0.5425860596945354,0.45741394030546456,0.24620849836683475
990,49.5,2.2644084294637046,0.5427552289302868,0.4572447710697132,0.1910260366701583
991,49.550000000000004,2.266211668650309,0.5399094714643505,0.46009052853564947,0.19328715219874734
992,49.6,2.266028801600138,0.54190895525132,0.45809104474868,0.1626749388155324
993,49.650000000000006,2.2656373977661133,0.5418771195112264,0.4581228804887736,0.13821349849414824
994,49.7,2.2673564751942954,0.5395992782073801,0.4604007217926199,0.15666359518469192
995,49.75,2.2713050047556558,0.5421775645233762,0.4578224354766238,0.15653986759307953
996,49.800000000000004,2.2766143480936685,0.542803055603623,0.45719694439637704,0.13256712597855508
997,49.85,2.2834647496541343,0.5444900771480377,0.45550992285196235,0.12576685680082222
998,49.900000000000006,2.2869982719421387,0.5506086421061976,0.44939135789380236,0.17093726730179912
999,49.95,2.291093349456787,0.5541709557015747,0.4458290442984253,0.14362336947604779
